,pred
0,383697.88769091613
1,2279652.7524012118
2,537952.8544825829
3,352324.62969942536
4,602369.3704572322
5,596627.556859359
6,506863.2020341304
7,184617.56951315817
8,1339513.2400069772
9,476268.08514956024
10,880465.8372490143
11,611240.4266458156
12,820130.1089762717
13,415895.80908052705
14,1055016.1679547192
15,828346.8212232429
16,454151.4473304495
17,347077.3341712194
18,1726209.2495881163
19,1119037.1370074884
20,455796.50893968384
21,454644.22797876096
22,297999.44765982206
23,416802.86513829697
24,1226182.8262449105
25,1860665.8570708348
26,412476.67983252526
27,460635.7727665934
28,660260.1265941126
29,540371.2833931297
30,567108.3531245135
31,609653.011265601
32,604653.214547805
33,780700.260383616
34,465272.2910592634
35,1216748.0333071002
36,179192.8723911381
37,499422.257699657
38,752353.2033265793
39,305569.13592363405
40,222279.66473043768
41,204157.89275248133
42,625982.6484322839
43,1241149.7927550348
44,797509.3127375618
45,1311731.2020978134
46,1101431.628582969
47,749494.0468705177
48,615993.0335687096
49,522395.47096858267
50,340784.752258166
51,564739.6905363852
52,793749.3183652703
53,218817.0138272053
54,617238.4202694822
55,703688.3749584353
56,400893.9958763186
57,1349394.2013932331
58,415449.39941050496
59,598989.458186396
60,547734.1305033079
61,813961.6223486336
62,680758.0606923532
63,786047.5191869847
64,655735.1111021948
65,489395.9746366509
66,2683809.8758173366
67,1759688.4535372625
68,530556.7487007675
69,215976.9207116138
70,297006.4679475998
71,151151.9795508129
72,248562.25286971967
73,445627.0253830918
74,333479.297272276
75,1204243.6966309485
76,429026.6928251931
77,990673.050176892
78,292955.0239890058
79,385865.9412534232
80,201180.26169517214
81,749799.9441169847
82,660621.4010792596
83,1769519.188710554
84,673021.0135184422
85,187856.0837948391
86,408876.14037815947
87,353054.94719704764
88,842515.8534130575
89,1129947.1378794916
90,1288371.0466493987
91,505504.172533502
92,269381.409009793
93,358989.4622334277
94,374530.6282686384
95,474877.2889090404
96,408876.14037815947
97,533038.8527799059
98,755429.135136441
99,1633082.8332424364
100,1873585.282470835
101,907454.5404085864
102,531500.8000793826
103,474015.121509527
104,1554178.3573062797
105,1127972.93480412
106,1049120.2006860762
107,787524.0752443328
108,374224.1727733241
109,393394.40946620435
110,444139.7869858764
111,683110.5054939084
112,316686.2436713779
113,493326.57117862836
114,260971.36717027606
115,655187.9591801027
116,808795.8724799427
117,505743.28887924965
118,2448370.190414529
119,1034724.3848617758
120,848107.0588194302
121,1171708.2005788065
122,572884.2644398133
123,756347.4236350734
124,955094.3341707382
125,800640.0760552377
126,405364.6625535349
127,875487.9172431149
128,835159.6638911752
129,503218.8303358664
130,515158.40677110845
131,1885187.188710554
132,971950.2478753997
133,637983.326060155
134,1014525.2118432714
135,793179.9469171243
136,1201544.0333071002
137,847427.2888186028
138,1503968.9242857697
139,238744.31192507892
140,273179.9391480913
141,479333.17037064483
142,436444.20059561695
143,292747.57915447187
144,241988.61140845978
145,950679.1727488196
146,780374.4549716313
147,767926.8627458623
148,222279.66473043768
149,303151.714268632
150,506287.11656116665
151,197572.5336723228
152,392899.9011442653
153,250898.3097543824
154,547857.9822199376
155,301419.2523521743
156,396001.61028499005
157,471137.33403188107
158,695805.359188521
159,553834.1482956375
160,509045.48725676053
161,662199.2318497194
162,705256.376699754
163,497630.8808582314
164,454892.69138777937
165,286514.16545456636
166,200521.9265773798
167,287432.8873340202
168,326726.1462431907
169,446445.4836183843
170,508468.7684210434
171,401708.1702776336
172,1553488.7164061214
173,797896.8025730876
174,626304.3543656585
175,710023.2820790565
176,510934.68017113366
177,658872.9136428102
178,408870.3581424474
179,407415.11346343294
180,278481.6096959493
181,851976.3622062353
182,423358.94196194323
183,675811.4771389514
184,310510.3590985921
185,640949.7197281366
186,1562888.734251244
187,317574.12831024703
188,845041.546755501
189,713205.4576476088
190,425806.8317130684
191,398034.51681669196
192,313868.0642556426
193,279290.0052296977
194,702025.2451355594
195,552429.325940886
196,851127.7179778742
197,347139.31266482227
198,371344.6306725972
199,667322.2397039477
200,724371.5997350471
201,596441.2882170663
202,527317.1742889729
203,622424.6117691904
204,248928.70779879196
205,1092021.0862409603
206,935981.633886076
207,349716.8940261839
208,1361329.4791421173
209,513436.1624107049
210,1432539.0734723916
211,484864.2532456888
212,605942.0362181889
213,487544.6199165706
214,649413.2597309103
215,212965.21930595313
216,1153792.5491123341
217,391416.6714228278
218,540201.4961276209
219,951102.3151327267
220,774254.1766222024
221,664045.0685069724
222,504483.93766548065
223,971512.7771474158
224,432361.52646265324
225,398357.836840119
226,873336.2675655973
227,950805.5594862836
228,606959.2663788035
229,1303764.9280431168
230,400972.7378501198
231,399842.00987501146
232,540832.2967834586
233,799539.5388792474
234,808062.8519334778
235,1049645.9160712282
236,384126.42751006247
237,1011557.8662588153
238,269388.26951955416
239,507969.24746744696
240,306395.62096168456
241,545218.6141958311
242,1762512.5162423865
243,426155.8145655934
244,633709.4202694822
245,2272330.4683116754
246,577972.7846861441
247,393729.7604978938
248,448822.74254435947
249,1517983.221802433
250,835278.2149579328
251,602555.3172980801
252,281391.7012819878
253,2842041.799344692
254,545750.4784773076
255,695331.7559225259
256,848637.5013476263
257,382718.54771056713
258,481545.64064403716
259,990194.50212374
260,679981.0540384823
261,590606.3521752768
262,347727.44129959476
263,443337.85053030134
264,968180.7140607622
265,468982.32240376907
266,2011128.6792252504
267,1008589.3603081426
268,630372.9949013945
269,839881.1453937817
270,693168.1780536851
271,685623.77956386
272,425018.46073634404
273,793452.8443404624
274,408876.14037815947
275,487119.09739976836
276,571463.2686516168
277,408876.14037815947
278,117267.00487399593
279,383576.2631155704
280,634889.8519590851
281,769388.7253925144
282,1391167.593221717
283,1105688.7857328712
284,309812.87339041743
285,243383.09432318495
286,878288.1066539135
287,498364.1319485252
288,1097458.819334612
289,291951.4136468668
290,696634.3093967518
291,524614.5765726534
292,916248.4344423298
293,867256.7138306402
294,577874.9677333877
295,946748.6895439036
296,401201.1061780932
297,272599.2582966276
298,769196.0606761986
299,1616095.8533927666
300,464290.1012054972
301,891366.6966948726
302,466881.5329281723
303,1061032.1138739993
304,531510.3293327469
305,752353.2033265793
306,1014831.5818329483
307,753940.7371064097
308,599085.3190465795
309,593162.4913502183
310,873155.6958659294
311,406242.7629354271
312,832990.7243710265
313,833735.0710203685
314,851359.128853089
315,1553422.3561597993
316,1021142.8697088853
317,914127.0397173099
318,491000.9823838557
319,700081.2484481196
320,451726.089594446
321,561078.1022321604
322,220112.22998494052
323,281391.7012819878
324,584255.2623083554
325,257503.9388391971
326,522244.130739375
327,802461.8776916564
328,458105.29657257936
329,1204021.9475440742
330,859479.7174445024
331,504566.2187164645
332,449783.3247968714
333,2322792.0043843836
334,559667.7726306062
335,529247.9581679706
336,781090.5512494661
337,845005.2261760193
338,1016644.2870324819
339,424664.91597243247
340,346086.653760741
341,1235787.6300796657
342,666651.2622137631
343,451061.614651039
344,382920.65529284853
345,548112.1523480219
346,658012.3386320465
347,381836.75201575184
348,362374.8858491294
349,421953.4258012421
350,813894.381249312
351,475646.2675639023
352,808954.2603591974
353,809893.6845595866
354,429326.0271708566
355,450441.67285960895
356,483675.10207159654
357,243311.8837173228
358,2937872.9970620438
359,388433.7675145135
360,896836.1678274481
361,595761.7544361723
362,593631.1321293868
363,786500.7830208396
364,642368.2412433034
365,1217391.4651732116
366,835477.0521812328
367,1272845.2255897617
368,842850.418166874
369,876693.5507018333
370,426781.13187145605
371,645795.6711054154
372,891000.6935743226
373,251422.58905944251
374,666918.8333530508
375,366459.10263169324
376,315794.7890028169
377,735746.0210378458
378,137893.98654138352
379,533300.7954797982
380,285159.08095491334
381,753176.7745974008
382,550338.0906311667
383,1305073.4747842136
384,1910085.7078252505
385,990779.97398088
386,736660.638620493
387,1348766.2362325564
388,203094.23556827387
389,340359.49486140296
390,601450.062873614
391,1053558.3716324575
392,216990.79728320605
393,199553.32250570468
394,354875.3168617414
395,1459264.6474471209
396,313365.7611502999
397,178335.8092228723
398,569411.6405275435
399,303511.20940681867
400,385273.19921898213
401,643952.9657548572
402,920359.9279337493
403,544019.6268211845
404,444291.5547530564
405,1066935.1077103843
406,1914110.8912252504
407,884192.4074821393
408,519498.2274773411
409,475236.68484644545
410,743146.0063595866
411,1388604.853267724
412,488671.5400311895
413,746237.7978743216
414,827808.8256186028
415,885732.9071887982
416,658237.7052357974
417,1401838.3171112693
418,1209363.8065690922
419,805792.8932191522
420,783339.9142792209
421,1272048.7906810953
422,264438.99878483394
423,775323.0446350734
424,830962.3198202811
425,731577.2546871325
426,1226369.5333071002
427,658245.1017624335
428,783972.2727063121
429,506284.5925840817
430,745396.2972617943
431,386142.6695054609
432,835986.3663872461
433,292788.0327843737
434,1687100.3433881162
435,491153.12531189114
436,786339.0971971013
437,854914.1723636775
438,436252.6467503911
439,772534.2771595865
440,181783.64301985948
441,207749.01605251132
442,425742.8125303851
443,400058.30336728663
444,1554919.1628889707
445,131313.63051377906
446,261726.08459119342
447,689672.3303907862
448,238574.85038537518
449,635914.4283005137
450,2738789.188344692
451,1193909.3191648407
452,145413.39495268607
453,1120164.3524178206
454,589389.6487007109
455,486441.4618934551
456,586990.1621202792
457,460516.274599654
458,664474.4749077011
459,460215.27874351694
460,653031.2041942499
461,1152175.1629581347
462,826508.6484018101
463,463939.5409171439
464,320364.9100239136
465,212008.49013565085
466,872844.6822707352
467,893768.7123981061
468,427716.6041215037
469,499521.17017540085
470,440022.0433602605
471,536767.4483975964
472,323444.13440472534
473,701794.7298259872
474,517752.825554837
475,780107.7697148796
476,504384.78015631094
477,252535.18751273557
478,178631.092647403
479,427239.1328383238
480,1642490.3342319191
481,693239.5166482487
482,375507.82532825996
483,1442860.1127155782
484,823172.0161159328
485,154589.97054912974
486,1101789.809286076
487,931934.6053377497
488,240246.5700713331
489,1118682.0799280046
490,567077.2439737403
491,748020.5965661219
492,1272558.5206211777
493,874823.4690864491
494,882447.8765870119
495,729592.7727314339
496,680125.4450729915
497,1073262.049310788
498,270853.0621841617
499,454335.7821963538
500,287258.34910698433
501,1357603.4737593152
502,1364567.1086581855
503,406030.3371443604
504,902052.0887793761
505,380978.21983861807
506,145791.76020534325
507,801909.8753902297
508,310384.0576481786
509,483192.5380200406
510,120661.70483628547
511,419309.8054857971
512,756035.3512519153
513,788932.601454351
514,536387.9106248888
515,865737.164307839
516,552227.6500203005
517,254196.5440184844
518,338400.8330956768
519,373513.5368560498
520,324101.4817881683
521,190430.79912222837
522,652385.1729951596
523,172797.13930833078
524,740859.0763869357
525,953858.1818238954
526,310502.506082505
527,1039685.4793294815
528,544173.5314397032
529,472920.16139773384
530,693744.7784937252
531,313365.7611502999
532,529476.2388146627
533,563975.3175841417
534,261561.83723961614
535,317458.6329565481
536,518099.43424778176
537,1149256.1901101843
538,974252.1527073157
539,490458.2358024568
540,507182.8385163638
541,1433520.9612808367
542,434464.5518682841
543,428563.33499364683
544,945916.8922975159
545,1326622.606400473
546,505304.92469076347
547,721176.2496755279
548,972084.5339904823
549,748075.3707355211
550,794293.0324908487
551,428730.1954083535
552,1093559.089112334
553,636637.7317293528
554,454669.40802572673
555,1211984.4946023463
556,504654.58148546604
557,505371.4223565659
558,248708.1339672107
559,381502.2040427824
560,145377.00767935274
561,763254.9654432671
562,462330.1924698479
563,703016.9279929914
564,552947.9156667937
565,964022.155486076
566,188693.43818641978
567,478881.50565496495
568,417887.1614740414
569,765172.072036763
570,442339.860184392
571,402753.7259851541
572,285060.78061593574
573,1002419.5138362749
574,422951.81064589054
575,290300.3285549636
576,680558.7573380041
577,394548.87321564223
578,522333.8041764274
579,1299216.2520123357
580,265734.19977785216
581,1181413.2827019007
582,2069050.3426848613
583,310384.0576481786
584,709194.353760818
585,700081.2484481196
586,508144.828727764
587,471008.24005862966
588,517607.8293468092
589,542076.9387785416
590,1415834.7457924034
591,862606.4508937193
592,714548.6685739572
593,481315.71455549577
594,340490.44845008693
595,289688.57834067056
596,510917.1563779659
597,1036713.8103954655
598,784150.2069900829
599,746623.6183062971
600,752752.2951199005
601,1288650.1071762173
602,940544.0542924763
603,1163844.1802663363
604,591349.3902217967
605,835782.5419013363
606,574240.1187046596
607,764952.2171406094
608,605699.7451155704
609,1761138.2687582774
610,649463.0305683503
611,941262.47469504
612,569745.7585066379
613,168702.9755201893
614,789219.8310746937
615,701579.401933435
616,327027.30581139994
617,231553.45533754613
618,492231.9092837401
619,1015946.1103427059
620,755577.3078764961
621,224121.17109929002
622,738356.2304508964
623,1538505.7454249228
624,342111.08579496027
625,574737.1616536378
626,725049.4918597694
627,796086.9924603115
628,682468.0137024112
629,1081677.841401282
630,346708.274551304
631,478980.60851185874
632,1097127.5251070727
633,441258.88165878534
634,795488.082376146
635,793998.2142511632
636,980351.7567054166
637,1928897.7248556095
638,751281.6081998454
639,1052481.7231850128
640,516590.25484915054
641,301420.9194238239
642,614328.6983178442
643,907959.1174573005
644,228959.83199678076
645,638208.7514024281
646,251500.89592938503
647,624716.9490101882
648,829524.8057047902
649,454922.0301522833
650,477922.37615540583
651,824997.6033337303
652,824992.8924951871
653,946992.9515050254
654,328681.3319584712
655,439345.26366730453
656,612152.8842181889
657,864020.2603419393
658,368538.61436195986
659,379911.68889058847
660,652327.0831797363
661,641305.5529075958
662,744604.9161320346
663,512996.4313164887
664,417240.431441284
665,145413.39495268607
666,990584.20856133
667,942730.4743340729
668,1216388.4717648078
669,1824167.5887027932
670,118770.51639427987
671,1151944.129679489
672,1087313.43316049
673,363924.9512231915
674,504209.0284535828
675,362853.79866683926
676,886023.8102533165
677,313999.58887142484
678,120660.13683628547
679,229133.13755233632
680,1022938.5165058826
681,684717.1927822608
682,278968.28045561025
683,283647.1944441797
684,384913.6622351142
685,441495.1581816273
686,401369.0957592456
687,381281.9733666998
688,167448.54498201908
689,1082992.6734617758
690,584341.8859165796
691,652333.1760082596
692,1018578.5276679052
693,613815.2594744376
694,546755.5129991288
695,731442.6706604285
696,904686.3055474159
697,1210044.3882637825
698,545330.0321356549
699,974125.6919783925
700,1111536.3889915687
701,1699022.249403873
702,204357.83577546215
703,421866.5858919238
704,173508.5092397617
705,487063.0149090404
706,767563.8963099634
707,322455.9347969529
708,565326.9992747259
709,360924.0080764721
710,1091097.3506623367
711,445197.5194183843
712,563218.8936304683
713,241011.2208430014
714,553326.8167737832
715,440159.6460850163
716,272187.6766400531
717,1439856.8559098265
718,716155.5315599127
719,626790.9579115195
720,229528.8846341617
721,620021.7979507144
722,785911.8050029702
723,1845998.6079353997
724,242732.27364080737
725,1030593.8919423455
726,605874.9907797362
727,436525.03453001834
728,478182.5792962695
729,648887.5254501381
730,355119.8064575111
731,420889.2810284028
732,928856.5928504805
733,274592.64806791185
734,464090.83477369475
735,434000.04271346226
736,786615.2389574212
737,262455.3818145475
738,657170.9691638601
739,837318.578752602
740,758326.3461981362
741,939067.5657414142
742,524273.06371972937
743,613402.1461718987
744,1739641.0234038732
745,607664.7987659241
746,435523.50279096887
747,1992915.8269821648
748,404991.51030553796
749,793998.2142511632
750,524863.030029198
751,678280.8167187386
752,1228741.3332176714
753,309272.82711054693
754,1015008.1205779619
755,498364.1319485252
756,567816.9971080828
757,480114.1218811882
758,464895.6333541546
759,1293743.9693322806
760,493893.6702369172
761,2760668.9009366827
762,1367433.9452009755
763,1201337.072903436
764,566420.2310039393
765,404074.93400226824
766,462817.61132577434
767,726150.602499754
768,559354.7856099872
769,777622.0546826479
770,351587.20229231974
771,419665.1658286475
772,417914.2796823017
773,365677.469931748
774,756408.4387595865
775,939363.9832238954
776,1072090.4195493953
777,394503.77205372095
778,997099.0260426165
779,602613.2817307976
780,1766950.8980608191
781,600770.3566732649
782,239403.07210752595
783,129225.13199377991
784,364172.7674630525
785,619367.643775462
786,328634.1424106973
787,236538.4396341617
788,896326.2883895461
789,347147.9248621221
790,530556.7487007675
791,1235950.1614176715
792,295225.4972615773
793,955799.6306860761
794,573196.3857075764
795,420077.04557174025
796,812847.258981444
797,786370.3298852937
798,1214858.1689041096
799,3065592.768428465
800,136053.1125496715
801,868541.3333734442
802,584079.5392642533
803,960135.3343959443
804,625555.4693568825
805,330011.5466464702
806,530305.0937192421
807,473780.54785735847
808,205187.71683438396
809,278481.6096959493
810,207062.9586723228
811,817663.8280095672
812,1903805.7889460719
813,776778.8748496812
814,778400.3260621597
815,253773.9932308604
816,588722.2007520382
817,680718.9310140368
818,1276453.4796997418
819,484337.01727636124
820,891441.8208643524
821,1030836.8797973737
822,701610.7586410046
823,919320.6319592716
824,425127.9955171684
825,1222600.0100850444
826,259000.98616218442
827,841836.7948958135
828,1200913.9853220081
829,463278.57826385286
830,613402.1461718987
831,369400.07906319876
832,231145.72908402033
833,260936.49421643544
834,764386.2157836161
835,236871.0002174658
836,1094891.6556180203
837,212450.77880356635
838,806159.6815504447
839,610162.083958167
840,398291.4224676262
841,173508.5092397617
842,895971.6145549642
843,773976.8443920556
844,568904.3685333773
845,582326.9008742273
846,303786.16796796676
847,2813782.779744692
848,858965.5153431296
849,497637.85458435706
850,786407.7181710978
851,417724.936682657
852,457967.5534350058
853,503020.90995224967
854,768291.6701014738
855,420858.26451638434
856,312511.15294107754
857,251422.58905944251
858,129369.84039171116
859,157222.746956684
860,346672.18481316196
861,1497019.2227603022
862,812702.0840980292
863,638553.8897086658
864,637827.1619170605
865,459929.22005629085
866,580072.651114495
867,812270.7204229948
868,1058889.5730118293
869,684286.938725732
870,479383.625550261
871,137893.98654138352
872,500260.4147921883
873,220112.22998494052
874,864757.3093882682
875,611729.183806278
876,397836.2637982411
877,328903.13821358344
878,796098.6113725402
879,191511.06911810886
880,726606.6873335916
881,303998.3391974467
882,591978.6411531144
883,928942.8205662833
884,848404.7912381706
885,1037409.8242098362
886,865086.3863689112
887,919631.9643397252
888,1003857.4277715988
889,916050.5947826342
890,935382.8770083447
891,419562.42215608363
892,704388.0438448897
893,255930.2124081834
894,602701.6590660667
895,665073.883974261
896,602701.6590660667
897,344454.57459097536
898,753072.7912288562
899,704091.9355499253
900,765623.7983054261
901,957527.3245866396
902,746681.0835710235
903,440078.9336920017
904,1272436.1989599965
905,616656.1126526969
906,241584.5892567553
907,634889.7161411155
908,272661.78566101356
909,498856.5872114653
910,491519.3820486977
911,1017856.7238184613
912,782554.3466743216
913,519206.1510456779
914,749362.5626622101
915,256060.94639580208
916,649523.958754871
917,382437.58832738205
918,714489.4185787515
919,829261.333194006
920,499370.46412540134
921,533629.1399927118
922,1334657.4701466467
923,1047295.49273086
924,1777804.13144005
925,1053588.2243154491
926,529332.0166771448
927,640063.5884676991
928,1528139.4694444633
929,393172.6285631239
930,628316.5015267768
931,1188552.671737818
932,366201.15966681275
933,716154.340173829
934,568512.4824801428
935,918541.318590754
936,1227178.111834137
937,619279.5829773752
938,1305681.8506085142
939,626299.7812542556
940,470088.3111542038
941,555072.1694793885
942,459851.45360074553
943,986677.1103254894
944,931539.6293815365
945,519620.34654555115
946,491470.1244140004
947,1018496.0173002533
948,815972.7643394362
949,337142.594354898
950,683925.6520920212
951,639118.3267298442
952,447301.10811650247
953,860087.4006186028
954,601667.2733077874
955,1058809.1867652475
956,366177.31318555924
957,1681539.0034887004
958,260691.93490278328
959,203422.5876259649
960,1005574.7718509827
961,157222.746956684
962,1517973.0078121375
963,308622.0817986839
964,637996.4226859116
965,175807.54762787343
966,1241424.3862829707
967,475355.6376247365
968,862362.2840686908
969,1108685.2325454226
970,858751.7862227289
971,406735.2007908778
972,347023.7245602767
973,351177.5214883976
974,417536.50704849995
975,1018814.2019639295
976,504588.81983743655
977,399174.1582312793
978,294316.56399893295
979,309812.87339041743
980,883193.4668874876
981,1045638.1242129292
982,338465.78608823137
983,300361.57583221234
984,763862.8126819098
985,663592.6602899971
986,466532.9095999436
987,742362.8614262855
988,1547781.2126004733
989,1151990.325161367
990,1762849.415177076
991,926872.0615247656
992,403975.80773928144
993,799673.5150407141
994,534079.0532654978
995,1441164.097417342
996,824506.5354778487
997,381014.3466959154
998,1508735.8601273466
999,211757.96899452183
1000,748743.1719031523
1001,710092.4701793507
1002,408876.14037815947
1003,907454.5404085864
1004,546755.5129991288
1005,1009590.1838924764
1006,195670.874164101
1007,497864.6807765566
1008,513889.88439136726
1009,891931.8688725687
1010,1058297.3749695763
1011,730873.4054473207
1012,437189.61757175234
1013,823110.3635149417
1014,422038.6800409737
1015,362838.57996292115
1016,452095.80051475414
1017,250299.28032370095
1018,462634.3058788569
1019,185901.9609694625
1020,205277.47986742825
1021,1036309.4115122099
1022,720642.344983616
1023,184192.0295909574
1024,127253.33061302142
1025,887138.8573919694
1026,613272.7141998009
1027,240617.4165342716
1028,1093371.994569637
1029,779537.6698252443
1030,347922.82455987425
1031,775669.5446441665
1032,231599.6111357507
1033,487003.7464810634
1034,1896109.772843413
1035,898845.5840647303
1036,618157.3838609839
1037,246755.26755010066
1038,1277211.4556454492
1039,450441.67285960895
1040,724015.5855276751
1041,410730.5351446075
1042,342413.7342718125
1043,175807.54762787343
1044,598294.2585693983
1045,367407.2715081736
1046,902052.0887793761
1047,744821.1902806788
1048,1305856.0168046176
1049,514433.80039806245
1050,742088.997982259
1051,645877.5101708481
1052,341467.061767789
1053,480092.88074355107
1054,591064.1879909433
1055,511980.7206386316
1056,673030.16916386
1057,506284.5925840817
1058,485485.7421467185
1059,500010.0689297279
1060,287816.3010648568
1061,568203.2578365598
1062,1344478.8270433405
1063,694743.5960997541
1064,468326.976965355
1065,800235.7141195312
1066,725049.4918597694
1067,1601514.5371589737
1068,733061.5128822927
1069,1102057.4121944048
1070,470989.91177289
1071,674477.0591388062
1072,2005852.6627821648
1073,483201.1226107726
1074,387893.623145451
1075,222279.66473043768
1076,660943.7116054352
1077,178631.092647403
1078,1087399.486188469
1079,928279.8909221677
1080,464296.0683542496
1081,416876.5392738554
1082,532788.9636469231
1083,276227.7043951099
1084,222279.66473043768
1085,221159.5926787602
1086,126313.30043628547
1087,304048.4159585363
1088,455482.1066615066
1089,929833.7181161948
1090,595181.8091912022
1091,429953.69419336185
1092,462299.65033939097
1093,887736.8276815058
1094,407411.69494187925
1095,1110167.3200265225
1096,472822.75809202
1097,733990.5905213733
1098,710370.9165882104
1099,428619.8867365166
1100,1369697.4310211777
1101,300643.77271137416
1102,620339.6897436207
1103,1120031.0429489366
1104,465134.5658272649
1105,635914.4283005137
1106,901749.0186173641
1107,592595.4849202791
1108,786527.3023386718
1109,1386307.8025616053
1110,643380.7852393958
1111,477231.7504663344
1112,569141.5099013811
1113,179192.8723911381
1114,281391.7012819878
1115,214185.20910234426
1116,775537.0077213789
1117,420476.9453885087
1118,705662.3246868395
1119,531585.681186936
1120,154429.22572767182
1121,331423.5015969636
1122,694400.993255233
1123,408876.14037815947
1124,354001.9418261002
1125,3428745.112222093
1126,332665.7166419801
1127,506284.5925840817
1128,243383.09432318495
1129,531029.1079917022
1130,961996.1570580266
1131,456410.33368146897
1132,309714.7593056797
1133,935456.5351860555
1134,500349.2604940019
1135,255580.7709163943
1136,651078.4501778677
1137,228330.02840564254
1138,446910.9416226516
1139,1421626.2618176714
1140,175807.54762787343
1141,462020.9913983692
1142,1178437.8154827307
1143,705693.3991790587
1144,640277.77956386
1145,129240.66603133429
1146,513473.455724743
1147,519662.10209112166
1148,859479.7174445024
1149,456210.96479353466
1150,129563.79090603438
1151,170336.76290923607
1152,598920.1552281308
1153,1010959.5756912137
1154,913078.3805479318
1155,387869.4795546924
1156,627157.4718453139
1157,561854.1967700889
1158,495515.26995034283
1159,443113.08062732435
1160,647381.1107854457
1161,460182.65018714505
1162,588992.2317476226
1163,988784.4911923213
1164,760073.9187887697
1165,320465.1848345469
1166,535200.5216334966
1167,134300.65003055203
1168,1041204.4385553157
1169,1157468.2820924763
1170,1054888.5288039362
1171,639197.8621119593
1172,721238.00315735
1173,470169.0629060371
1174,504293.84202552086
1175,1456272.94497611
1176,368690.3880908875
1177,926217.0456975158
1178,454049.8103282509
1179,1245157.5333071002
1180,1672689.4473234406
1181,880305.4076721676
1182,212324.27987787843
1183,366194.6592326365
1184,256060.94639580208
1185,452429.6565144992
1186,1057627.9532276015
1187,447312.31567975885
1188,297784.3446183466
1189,299869.5205357851
1190,423786.0924086275
1191,268549.4308890215
1192,647307.1452881163
1193,986973.5587805776
1194,201109.57731075943
1195,441217.94018117315
1196,274332.02709356183
1197,256830.4332426737
1198,880552.5647763765
1199,743258.735220041
1200,220528.1049543362
1201,408604.4000926557
1202,282697.4311666361
1203,1528494.3842150122
1204,467347.7095999436
1205,513110.914327764
1206,1783610.5980908491
1207,422993.9010702277
1208,286426.72310341586
1209,757856.6466051497
1210,400006.52104647196
1211,248608.89453038396
1212,466611.9287825461
1213,1239834.3325732425
1214,199388.96533012742
1215,491332.2174637173
1216,368560.3825259934
1217,484573.14850153006
1218,1157100.9370353583
1219,484187.93201400037
1220,1475260.696946277
1221,672046.8500442195
1222,287986.6884947063
1223,574487.8069357001
1224,275990.16263754416
1225,1373902.401386814
1226,699577.1365726289
1227,1335009.033222585
1228,384478.1859716889
1229,402082.12028614525
1230,751654.9655887698
1231,1005246.1604528538
1232,710575.2407401495
1233,626238.8754601091
1234,702820.1335247029
1235,587412.7135836048
1236,976212.8652188741
1237,3423399.4538702667
1238,471818.8986570045
1239,225790.8322563908
1240,544037.9715913254
1241,599577.7044786299
1242,934143.2847788589
1243,509733.2231176197
1244,179192.8723911381
1245,252244.73192612547
1246,378298.664484518
1247,1307520.5672615203
1248,285444.1437443833
1249,1135548.545751373
1250,351485.5586777226
1251,405216.00005886616
1252,648709.3457515177
1253,449016.546623098
1254,1350859.1338426345
1255,213125.2960255818
1256,644279.6514392665
1257,398464.11863590137
1258,621913.69244631
1259,247858.27155782026
1260,600809.8909097075
1261,1644844.6127323546
1262,683788.0900281476
1263,902575.6814956532
1264,165265.6892495829
1265,386495.8993591055
1266,419527.1538130491
1267,708268.5474764993
1268,434358.73347661784
1269,547572.6517763007
1270,169535.67046678285
1271,877457.1776227392
1272,804944.9284736305
1273,663875.5556579848
1274,323235.4529569007
1275,908623.1279474158
1276,706269.1733032628
1277,821168.3171975098
1278,444191.6828486439
1279,607074.0439002457
1280,898933.6589706797
1281,775752.5672725335
1282,435201.93866937223
1283,634902.1436814917
1284,823661.6628673385
1285,302083.30859367596
1286,836559.0827106703
1287,286214.5862291545
1288,917374.3191419394
1289,484983.8869643224
1290,1070946.1374485777
1291,741689.5734856569
1292,425283.3381078307
1293,158485.8807289758
1294,508335.22220407386
1295,978461.7232548855
1296,502517.13947888167
1297,1456788.0062123355
1298,346469.96754593006
1299,1039929.5861122875
1300,258076.95949822274
1301,1107869.0237177426
1302,588811.8778907007
1303,488667.22982405045
1304,363292.5364495848
1305,998798.502440596
1306,465224.84365756786
1307,971195.6763196501
1308,374181.47262292425
1309,307533.1984633183
1310,275520.685674638
1311,1845154.2300252505
1312,1480401.6404984386
1313,560961.1122744698
1314,878955.0240451111
1315,1079815.2248679053
1316,473843.0547635113
1317,311350.5864102473
1318,487836.53443617077
1319,658342.4544207557
1320,863492.0522707351
1321,994198.9573805777
1322,786700.3283950546
1323,656226.9903797363
1324,509124.4658771849
1325,492619.3301687699
1326,277594.1246232811
1327,1422339.069694883
1328,459699.3687961353
1329,291799.9606812859
1330,629590.3600275556
1331,1611716.5927662489
1332,611137.9314247255
1333,457627.201468079
1334,305569.13592363405
1335,1156338.3919362044
1336,165450.1124720065
1337,181876.47271325556
1338,997697.9543605204
1339,863332.0286531693
1340,531077.6420334966
1341,1183563.016848778
1342,215452.85483334883
1343,156513.40725357062
1344,466071.83292923146
1345,1137109.3298958198
1346,726157.2707891254
1347,459826.3204463798
1348,716796.2091754719
1349,583408.4915067711
1350,278024.12530013744
1351,486320.1454721473
1352,715528.5011418258
1353,796066.4408754003
1354,396976.9095446762
1355,769604.0467088774
1356,417724.7521078308
1357,689672.3303907862
1358,579384.9448828893
1359,542926.2334211596
1360,281391.7012819878
1361,302635.52409622795
1362,263643.4372774076
1363,568655.259249845
1364,370037.2774574899
1365,700010.0151960473
1366,1131262.987602633
1367,758866.5801942725
1368,496482.06296407885
1369,497052.3439616952
1370,842123.9764268316
1371,1184333.0330775436
1372,461135.7274029859
1373,877953.4236508019
1374,445695.4468719524
1375,2276724.0299821645
1376,647657.644700377
1377,270103.19447821553
1378,562948.3284247982
1379,530556.7487007675
1380,900073.5353233132
1381,448115.73490123916
1382,137009.8171544875
1383,986113.2492924763
1384,548797.6186639534
1385,816871.7270838197
1386,1161506.4870729328
1387,1030973.1472860761
1388,1895393.4609237476
1389,651246.0125201171
1390,447927.8674516817
1391,723776.7772582318
1392,129225.13199377991
1393,341567.3846139215
1394,1089972.1693120964
1395,119968.02163628547
1396,947635.0824755334
1397,477765.88364568877
1398,470208.3993375546
1399,284330.92762962275
1400,573833.1238113065
1401,1256638.3665474146
1402,591349.3902217967
1403,1725183.1396238995
1404,1035730.1370074884
1405,752353.2033265793
1406,571149.4323538815
1407,1288806.765293759
1408,159163.90475926799
1409,543516.7222923503
1410,270214.85653060855
1411,340490.44845008693
1412,903238.2992290526
1413,548970.839087706
1414,1436443.6942486456
1415,154671.0601780986
1416,321097.56479028414
1417,324555.7973552488
1418,739944.7443143011
1419,770266.7994469154
1420,1692177.124786941
1421,673700.5398462194
1422,316615.22861756146
1423,479440.13689202664
1424,736399.2275088774
1425,503306.17380614334
1426,802272.9814870842
1427,1431414.0426310166
1428,301503.29255483585
1429,614049.6598349825
1430,205277.47986742825
1431,480354.64270160836
1432,204802.34627510473
1433,204586.15214446292
1434,649524.1888968417
1435,465755.3620964974
1436,2340305.4743608623
1437,1512719.221802433
1438,594764.7108910389
1439,1422991.2394211777
1440,1204795.3776656298
1441,215928.76906258633
1442,1454562.2031910983
1443,840445.0562232566
1444,989583.4379893171
1445,688966.9821323374
1446,381892.6230062179
1447,632401.5199297622
1448,1057519.7166240122
1449,307215.68182939675
1450,669988.1661705502
1451,201476.57919513495
1452,764413.7670048205
1453,1893381.1372424364
1454,587458.3143117869
1455,584677.4563551543
1456,1019280.017529132
1457,243517.20323062927
1458,401117.20649627753
1459,861063.623870762
1460,1142578.248148711
1461,807103.110586662
1462,358019.3660018544
1463,212944.6388566466
1464,654404.4191112941
1465,918842.1860208341
1466,895145.5724033436
1467,510779.80188994436
1468,481098.6388140004
1469,2221008.8332146467
1470,694594.3285458507
1471,354609.1715081736
1472,1178896.9164746164
1473,338126.0983324802
1474,428899.2066183843
1475,1512291.4155688803
1476,681765.3949757052
1477,1289501.6760141712
1478,533066.6841657852
1479,972232.2572762094
1480,550695.3596080176
1481,598771.2867723596
1482,702227.9659981288
1483,636790.9070647483
1484,412013.86913880263
1485,1894362.0907865618
1486,584225.2343197038
1487,436056.743345673
1488,968374.2214546518
1489,312139.0855032989
1490,796066.4408754003
1491,509575.68587222585
1492,858662.2506981171
1493,214032.66730648786
1494,479193.66951506695
1495,649953.6522374622
1496,846639.2805561272
1497,474600.53637088905
1498,520377.82814761176
1499,420171.34245418134
1500,1672157.353358993
1501,596987.392981581
1502,212450.77880356635
1503,164174.53831689028
1504,446211.9932125953
1505,310986.43867128267
1506,202786.18294441496
1507,717493.6874882914
1508,338126.0983324802
1509,461795.88788814377
1510,1104345.122177962
1511,567644.4854139828
1512,1806078.4826203294
1513,546860.411543189
1514,1348286.6151181846
1515,408589.68603110005
1516,187255.16097504823
1517,1639134.5157298178
1518,167682.0929820191
1519,688855.9660540329
1520,1246465.2869567666
1521,280629.149095604
1522,339475.75120566646
1523,972769.1784677424
1524,744011.008795358
1525,590732.178760036
1526,297819.13877969
1527,1627609.9965494878
1528,661746.4038393958
1529,341458.9028833038
1530,691108.005553017
1531,722887.4041165242
1532,1289605.643026856
1533,510564.6558139896
1534,264905.4863929495
1535,524103.3999018483
1536,276952.174228986
1537,866157.9488709043
1538,1384136.0388648012
1539,1103595.583310788
1540,1119529.3480276014
1541,454549.85564030736
1542,284092.002604168
1543,872308.4577882083
1544,501585.33945184964
1545,895226.9883419394
1546,710125.887242795
1547,749487.6361493749
1548,489321.9971518751
1549,1190615.6714426344
1550,909578.7280261094
1551,604692.3735704313
1552,191079.11136324887
1553,416167.5394980925
1554,484303.9024335544
1555,598851.5815085032
1556,193449.95178742986
1557,932534.1545529885
1558,531828.4380713239
1559,900276.1113131989
1560,567466.2259788439
1561,601110.3934549063
1562,980224.4701974706
1563,1586290.8201330814
1564,430521.8923368193
1565,793250.1700452282
1566,586685.224634762
1567,1148201.0619678765
1568,864100.7384985532
1569,445779.4488174892
1570,768086.8875832433
1571,829621.7160387111
1572,457710.6561123371
1573,554753.8883564384
1574,165762.0604121409
1575,180037.58420350077
1576,771716.7319545345
1577,180579.86267384913
1578,263078.9125935273
1579,692900.2649515527
1580,341266.0559297421
1581,588518.9307667508
1582,1087360.7943346119
1583,819268.9906918445
1584,674088.6852308813
1585,463230.4871053309
1586,789652.4542330307
1587,653007.7217429904
1588,353320.2415970476
1589,775669.5446441665
1590,384304.18681243784
1591,219726.40708175645
1592,239734.96409655162
1593,368744.0526412132
1594,819404.7230596907
1595,152182.74378857663
1596,1041943.0952986589
1597,781548.956762291
1598,548425.7747017359
1599,1254364.565870339
1600,788892.479233671
1601,821276.1272015304
1602,770884.8323725582
1603,1248127.147050129
1604,553834.1482956375
1605,746958.9871113589
1606,1018880.535877984
1607,464685.4578817098
1608,1248325.0874487464
1609,1009792.7953502524
1610,559968.3934854274
1611,1068262.377334073
1612,157293.79196587202
1613,1506168.5567421175
1614,2672079.3552347803
1615,146115.5219986376
1616,703287.8765203296
1617,1118659.0163931178
1618,581929.9652571258
1619,540273.2670628136
1620,592871.6821043404
1621,693571.0048227913
1622,326654.6255614761
1623,932161.7409602316
1624,284086.95534131734
1625,685479.1321353969
1626,437727.5031289503
1627,1115021.7181395395
1628,435885.6457726978
1629,366752.88781595195
1630,1221590.056159467
1631,168701.63522219087
1632,393977.8882522863
1633,475303.05035606114
1634,649338.1602055082
1635,336800.5650179053
1636,517755.5026561245
1637,1054080.7178187515
1638,700081.2484481196
1639,987203.8009420864
1640,188430.47927077318
1641,356757.86285055225
1642,487392.2720142659
1643,314991.5291192279
1644,526380.7214096598
1645,478803.1549109226
1646,268013.4849031233
1647,575861.6065237381
1648,555684.1347416277
1649,1304053.4925029385
1650,223265.93490677408
1651,819109.0715558614
1652,890805.4371854923
1653,1138509.4171340729
1654,121475.86112079362
1655,887018.0445187187
1656,848416.3523769008
1657,1306786.4615332987
1658,396224.9882202957
1659,1243109.751334612
1660,1307312.4969751555
1661,1845330.7811865618
1662,419665.69898674585
1663,722978.330383616
1664,577874.9677333877
1665,356653.1313970613
1666,388204.21168494096
1667,1060185.288159467
1668,186201.5794330156
1669,276098.83971426974
1670,497277.9040220119
1671,706865.121310461
1672,679216.3686272738
1673,551595.4168503499
1674,853002.4974322027
1675,818688.8455065304
1676,596817.884632221
1677,914176.8469264146
1678,350665.0904344112
1679,439498.6147733073
1680,358106.7702938098
1681,938424.2344694063
1682,1067933.1922671807
1683,538907.6436353218
1684,589799.4799263908
1685,353010.88061169564
1686,327052.71025121247
1687,289688.57834067056
1688,190171.2766165706
1689,284684.0846808834
1690,439345.26366730453
1691,848149.2194588773
1692,713830.1228578568
1693,191331.9830130062
1694,370258.9476096291
1695,809315.2138707095
1696,727960.196131916
1697,728959.3720360508
1698,801343.0502073703
1699,768441.413573319
1700,266651.034877027
1701,572317.5197229434
1702,492925.2814234333
1703,577972.7846861441
1704,349711.74751387903
1705,832214.5741489078
1706,639118.3267298442
1707,256830.4332426737
1708,872352.2028586294
1709,503566.2829558712
1710,270231.6258689479
1711,257166.59684761922
1712,231036.11270655162
1713,609496.4789257759
1714,178188.34859052987
1715,1035152.8395805777
1716,773330.9176672706
1717,745126.3334271512
1718,981098.503266198
1719,839161.4165328259
1720,1053133.335686076
1721,379660.97043093375
1722,510444.91300896206
1723,1287392.911665523
1724,506895.9526539028
1725,918925.1211545204
1726,530502.0351758875
1727,678089.2220211256
1728,288411.4621935353
1729,718591.5009262651
1730,184760.4437322862
1731,509763.1729737898
1732,904187.5539162342
1733,828546.4844577193
1734,750504.212169081
1735,1122168.3051929595
1736,851359.128853089
1737,690571.8626442777
1738,996927.5501474488
1739,223883.1654365667
1740,616614.8622206902
1741,2481610.81340268
1742,945719.8380276014
1743,1281533.6437349725
1744,784002.8628134913
1745,654489.6122990986
1746,752859.6252375375
1747,1300893.9465081897
1748,509633.8975161863
1749,768241.9948040919
1750,277206.50870966073
1751,894733.3462115069
1752,842103.3797612386
1753,2194251.482601212
1754,438081.363477808
1755,1054560.3749949145
1756,1253013.2632099327
1757,606673.3787995143
1758,668191.9585794725
1759,1713823.4025611656
1760,915059.1098152699
1761,880123.6343419394
1762,744933.4332082379
1763,481512.4979985131
1764,895405.8035106703
1765,1000359.4732860761
1766,154926.48909898245
1767,408876.14037815947
1768,586506.5077637475
1769,1862363.5229353998
1770,1186107.4323309476
1771,289688.57834067056
1772,838767.2971065404
1773,1208251.8152487779
1774,684738.8466572409
1775,1263800.9056065236
1776,1732669.228777076
1777,484147.5646411546
1778,740265.3298140634
1779,563911.926606331
1780,415435.0291878438
1781,821057.7573183052
1782,511418.182727764
1783,305603.31424427446
1784,971366.2500905778
1785,795737.4451163799
1786,216350.4061466214
1787,895993.1376186028
1788,416708.64293893764
1789,641628.3802562427
1790,751391.1458771215
1791,1051840.2392782648
1792,230124.15218050353
1793,1643390.3388424364
1794,205277.47986742825
1795,639908.6990584311
1796,346190.2972328026
1797,512235.88661016733
1798,531084.623172368
1799,863463.5683249166
1800,1235813.08201631
1801,473934.4933339864
1802,401507.2570939597
1803,998421.2464243247
1804,724654.0543078524
1805,517452.44446878904
1806,1075395.9375930587
1807,440539.12307187065
1808,279475.7384204529
1809,450683.93879132794
1810,1863044.1887027933
1811,823048.1899881731
1812,723762.9808670868
1813,1192428.5390471912
1814,1154635.7326911036
1815,334438.0015397132
1816,1045800.5844646806
1817,1564826.976851244
1818,1080710.567499884
1819,666199.0120466719
1820,250934.32100315607
1821,1384769.0360846722
1822,508460.8171400045
1823,763425.2005165328
1824,711847.8894004296
1825,1206407.4354000743
1826,402427.3315451033
1827,745091.527461904
1828,691349.128641297
1829,267237.29166784364
1830,624443.7649220155
1831,1800714.1881323545
1832,607375.4059060068
1833,932613.757023644
1834,360645.2516035288
1835,361922.395410266
1836,637699.1655712802
1837,1251993.7684680105
1838,1323206.1811661967
1839,421953.4258012421
1840,580977.94228238
1841,476300.05202650663
1842,229073.1455285938
1843,2737221.083344692
1844,467208.49419613526
1845,601788.0076585353
1846,894356.3666056215
1847,684291.037432983
1848,283793.4079399142
1849,774657.7368786138
1850,213321.60576215165
1851,321881.84534303646
1852,684040.9436670416
1853,861523.0753625517
1854,198639.79403488044
1855,237367.92688668292
1856,415854.20320022514
1857,1113773.1154180204
1858,1174595.3981736687
1859,677649.9131127287
1860,681817.967550909
1861,1211701.61427951
1862,675838.8671213961
1863,459213.2918183843
1864,562015.7892893624
1865,255143.26698870418
1866,578952.9018977641
1867,220339.43759442255
1868,803836.6928381706
1869,464266.81936722697
1870,757699.8292997541
1871,375380.44692878536
1872,507073.9181754008
1873,909738.4843030884
1874,189904.81358915337
1875,904387.290480766
1876,317277.26810024836
1877,792660.985323871
1878,622020.0929974518
1879,380745.64660271
1880,1116237.0064422274
1881,1235177.9386967705
1882,147405.03992765522
1883,323359.0309022019
1884,398721.3175442417
1885,843551.6954784408
1886,1003246.7338582608
1887,767220.269383616
1888,443629.9505085757
1889,1169389.9928180205
1890,1126638.9005041094
1891,800592.314967953
1892,891366.6966948726
1893,329832.7993522625
1894,1300464.8420167214
1895,685023.3644506243
1896,314628.31161317066
1897,875298.5638239481
1898,728978.7972318351
1899,866806.8357714615
1900,744723.958314901
1901,349357.53265421843
1902,562380.8476775213
1903,290177.73754954257
1904,649719.6307119592
1905,287689.8773599831
1906,707628.3965598159
1907,612924.696458916
1908,279475.7384204529
1909,694468.8041239027
1910,1332087.6425100896
1911,372497.3051784822
1912,415030.2090329479
1913,146605.5309074985
1914,1339880.422260417
1915,565092.0217003863
1916,788257.1511590345
1917,606595.7574468954
1918,298679.0515040949
1919,555453.2613583229
1920,222279.66473043768
1921,495815.4014201186
1922,726015.7947330002
1923,146605.5309074985
1924,792371.720188159
1925,770833.7676041354
1926,1012225.5157177331
1927,650277.9326228515
1928,175807.54762787343
1929,1374087.751980492
1930,1718763.1592673433
1931,534252.1802296336
1932,389605.026794272
1933,293936.0606122476
1934,719807.0690832338
1935,624987.0935289535
1936,2478885.849162943
1937,1412319.1993500446
1938,460594.4629037373
1939,893593.0481490002
1940,234726.83012423635
1941,300068.107985382
1942,586820.0353389113
1943,1023476.711486076
1944,1219505.9214868336
1945,894613.8878879867
1946,489885.9613842236
1947,381811.4046948962
1948,881812.2036026588
1949,899239.3105673143
1950,1282376.8601555624
1951,438688.5626414604
1952,838125.6193562101
1953,193092.15178778107
1954,1133701.237454664
1955,1002031.865183279
1956,1020569.7805080478
1957,435686.6030221289
1958,607263.5351989672
1959,675478.2253872929
1960,457177.5027014372
1961,411164.7434303851
1962,799428.4394036174
1963,2538815.8534620986
1964,282814.3730616418
1965,1744152.3842252241
1966,587845.8416096861
1967,703431.9690755386
1968,821027.4460380772
1969,407889.94835428894
1970,207749.01605251132
1971,845608.8100022427
1972,431798.04876349226
1973,508833.53524182946
1974,1168186.1950428365
1975,518607.2200899443
1976,174810.24949958734
1977,698612.9885719295
1978,921494.0495788589
1979,996054.3843388231
1980,429293.03289463156
1981,746010.6158346261
1982,544373.4584165827
1983,979343.7397910019
1984,452409.46844633983
1985,1276024.638097731
1986,215549.2267465875
1987,699887.619894617
1988,434869.81028499
1989,403670.1958511757
1990,1975353.8349821647
1991,522329.7053425004
1992,1589656.7372330548
1993,609008.3700335494
1994,641166.7330562427
1995,1116150.8503408218
1996,955520.4810233561
1997,214304.7921381717
1998,696255.1150055447
1999,268908.39607294946
2000,209013.4774013104
2001,1297178.072393233
2002,205277.47986742825
2003,733061.5128822927
2004,231070.68046760018
2005,495208.27412290085
2006,535415.0164802946
2007,204157.89275248133
2008,665667.2197797362
2009,1183870.7269529586
2010,315857.4263535318
2011,777140.7987112564
2012,480261.81687946175
2013,1047991.5844646806
2014,950330.6866637855
2015,446319.152010939
2016,247858.27155782026
2017,137701.14155307814
2018,874388.3994552993
2019,991078.9269780286
2020,1400615.397428609
2021,876162.1090282376
2022,229133.13755233632
2023,440173.0580917279
2024,339961.3909799716
2025,1190792.1412405376
2026,579272.6159804192
2027,700209.1001995404
2028,717324.956180028
2029,387124.65494474745
2030,1531742.2330746737
2031,870134.9038186028
2032,1288697.5652176715
2033,641235.5408821347
2034,659395.0015758141
2035,238265.88254880207
2036,990022.9281732832
2037,683423.0797014986
2038,1607654.8181323544
2039,1068728.5692003248
2040,644955.473847808
2041,524042.4689928621
2042,334287.7049550909
2043,717138.5627275032
2044,283647.1944441797
2045,215549.2267465875
2046,448657.75644428073
2047,350832.8850156373
2048,980557.6012625959
2049,1277425.3499555895
2050,1012375.0922582608
2051,1100561.4104108724
2052,518044.53432376427
2053,1184739.6320646566
2054,1113549.48436196
2055,531303.157690524
2056,347458.8866667523
2057,175433.16025151926
2058,201476.57919513495
2059,342350.8961877941
2060,205187.71683438396
2061,711936.2685291064
2062,377557.96674147807
2063,623490.7765900656
2064,782077.5512494661
2065,168027.9486149671
2066,288411.4621935353
2067,313970.8666075981
2068,647387.3452843546
2069,488476.53161999426
2070,652319.8156817179
2071,255312.83585539955
2072,374760.23670526256
2073,779925.79650784
2074,625102.5021358938
2075,292967.27160339087
2076,433015.27632555406
2077,526766.6804266293
2078,349010.83463246573
2079,408876.14037815947
2080,292788.0327843737
2081,530387.4100242748
2082,738540.2800091137
2083,624571.623206278
2084,284424.4538869792
2085,632267.2296061345
2086,411379.19807153265
2087,439361.810037638
2088,581887.4202305587
2089,1607886.2450424365
2090,467007.74608821253
2091,389866.38563856494
2092,462215.4904331299
2093,191959.2896141885
2094,492142.36608090857
2095,589921.8844640764
2096,613831.4050899557
2097,2221555.836193648
2098,365129.85182599764
2099,523025.3841094887
2100,726032.8555997529
2101,585814.6038567014
2102,627147.3604278706
2103,381647.62780410144
2104,546969.2086729651
2105,679417.7511713756
2106,2381820.706122728
2107,842506.29914427
2108,446493.3835277349
2109,885683.2957807166
2110,452721.5247180498
2111,612227.7382514048
2112,1358446.8228077195
2113,373513.5368560498
2114,428115.401352001
2115,245230.064829398
2116,360697.85484245524
2117,1189102.9132886706
2118,232284.87494165587
2119,1642459.3406826872
2120,567595.7983189387
2121,429980.10940795706
2122,1490395.3761906163
2123,968140.6201788589
2124,484944.9815765571
2125,403955.4465409582
2126,367859.3014183573
2127,261148.3735834361
2128,473369.0671642998
2129,713445.4313882104
2130,1648503.5633214149
2131,223858.02543038377
2132,207017.7341542516
2133,301091.38426164177
2134,486127.93767244695
2135,976828.7372807444
2136,279571.0072341389
2137,644352.3635834252
2138,187176.04930838157
2139,738991.489204336
2140,945349.8375357055
2141,754305.813983616
2142,544060.1017843114
2143,581048.3153045541
2144,903154.7580713757
2145,1481218.937651244
2146,501853.1067977838
2147,368824.7884884119
2148,333053.2962273414
2149,760304.5653204868
2150,915413.1871123747
2151,540864.1602581386
2152,287609.0182055647
2153,1108308.9001117537
2154,489747.45083219337
2155,598225.3426845386
2156,1140583.1964180684
2157,768755.7551071802
2158,156780.3677983789
2159,749982.9075438252
2160,816290.7863692548
2161,829138.4804454448
2162,414147.69464058924
2163,1116835.885058074
2164,428716.9588832031
2165,567077.2439737403
2166,855869.446231584
2167,833388.2128314122
2168,574453.154747809
2169,836809.7794361005
2170,731027.8971091333
2171,712779.7113824415
2172,509999.06489170075
2173,840764.1349135055
2174,278478.08997373725
2175,967868.5045256674
2176,305472.3873115437
2177,929242.1031788589
2178,707564.2933467876
2179,866501.319061595
2180,440026.44177672325
2181,141040.76483983194
2182,564293.1978350286
2183,656005.1200462178
2184,130756.86603133428
2185,462712.46474799095
2186,166871.87735078778
2187,486531.9893090404
2188,549958.6603749711
2189,525662.9151711584
2190,594883.2662568804
2191,386629.4929066178
2192,345177.1797089797
2193,385558.4954832714
2194,790097.4319405998
2195,406172.33306306903
2196,659273.8382424777
2197,703148.2777439599
2198,646891.6943639985
2199,990629.6457373973
2200,722254.2475836161
2201,657920.6287203907
2202,817259.1716281855
2203,341169.8285673992
2204,352556.3587606574
2205,1021073.8784358761
2206,810503.9343195312
2207,331217.8432423381
2208,309298.74086106056
2209,408876.14037815947
2210,154560.98643426746
2211,1876344.34807981
2212,278375.8802616418
2213,756151.2973031241
2214,470278.76971278153
2215,483296.4264683321
2216,358612.1635818989
2217,1000043.4516198148
2218,852918.3843882681
2219,552297.5942309451
2220,822752.826844978
2221,634008.8797900737
2222,453102.3152520146
2223,310110.95890895056
2224,752988.5308617944
2225,617269.6134008323
2226,547237.3604965764
2227,781553.1211915563
2228,2268995.7669165838
2229,252244.73192612547
2230,789817.2620684009
2231,681299.9130573292
2232,210401.73093229314
2233,349839.5144450909
2234,781980.4412502516
2235,185324.05023309277
2236,500528.8377982714
2237,1553882.5384889706
2238,341094.6794901877
2239,503830.43171383487
2240,922135.7743751638
2241,1056570.4753833397
2242,434429.89403635776
2243,1257946.6543970895
2244,457205.13071875693
2245,806584.8568461341
2246,541794.7834441852
2247,978531.3742016143
2248,266506.4121026357
2249,392563.18470404006
2250,245161.97025569555
2251,598630.1791393621
2252,270375.06478530145
2253,302776.1503397739
2254,352610.30774245405
2255,639395.6034882416
2256,661898.5051131413
2257,230488.35277536663
2258,464673.3175991319
2259,824299.2914261088
2260,381589.3008387736
2261,860645.3561351493
2262,645738.1505605249
2263,640316.3149735109
2264,331961.47540347994
2265,713191.2734128057
2266,837994.3506186028
2267,817537.1338287867
2268,268670.3475109031
2269,666658.8405433509
2270,623610.4185895175
2271,1691689.3378038732
2272,388076.3328437513
2273,373383.4274142239
2274,1162159.617734612
2275,211637.58092581338
2276,446080.41701093904
2277,194692.97695495622
2278,937722.1077092182
2279,349859.193614116
2280,744715.4399101697
2281,287485.57820533507
2282,838457.0790844503
2283,992486.9000925138
2284,652597.5435429269
2285,278478.08997373725
2286,234244.30375387924
2287,663616.751121971
2288,1602054.7033869573
2289,534842.7222730985
2290,246606.7974580081
2291,846182.8625263995
2292,755237.1119064097
2293,791241.5662271742
2294,430274.968333373
2295,649427.3697658265
2296,2854177.1512670233
2297,717853.0685533809
2298,484246.35620977404
2299,705976.2705130251
2300,862541.7343419393
2301,1459426.337695138
2302,455802.07301093906
2303,372899.4377289592
2304,526041.5327717294
2305,384165.94500358176
2306,493229.95964676794
2307,571075.6587482506
2308,448125.5447839219
2309,305603.31424427446
2310,733819.9539018448
2311,527308.3771762575
2312,974283.0389882681
2313,613992.529883164
2314,574252.0880011872
2315,930253.6908741707
2316,420887.8197078308
2317,1072336.8615822808
2318,985045.0601624987
2319,178570.50291325556
2320,789102.8788154256
2321,1473682.910680716
2322,929007.3545371032
2323,619254.4612471068
2324,932094.8207065304
2325,347584.4769828077
2326,162977.10929933024
2327,246811.44064335982
2328,963159.7991623852
2329,1216015.0289937372
2330,470162.2387983042
2331,328751.97044963087
2332,1086308.9528371627
2333,757556.0469205208
2334,1428878.3819606593
2335,626199.228718238
2336,349472.8504094792
2337,620251.0312845786
2338,1359315.5273404913
2339,846238.7443106703
2340,606597.0012717244
2341,631786.9805236841
2342,683706.7760008329
2343,279366.34692216106
2344,355639.8656524845
2345,181803.45653120344
2346,589276.2101972541
2347,808645.4038121732
2348,168701.63522219087
2349,391764.57971513027
2350,219532.09355268854
2351,359434.559185282
2352,1000938.9391874049
2353,425606.7884724095
2354,635585.0515388262
2355,146605.5309074985
2356,618503.76459322
2357,670098.4972675415
2358,540547.8299311993
2359,1220964.8214773573
2360,1266876.086870497
2361,1032166.4497074866
2362,195368.7811280034
2363,408876.14037815947
2364,912084.4360466788
2365,602701.6590660667
2366,230309.15457717289
2367,595856.8920486567
2368,1236448.817693759
2369,968838.953925442
2370,366118.18987268093
2371,929843.2075418362
2372,896499.800643233
2373,261445.60167213465
2374,769097.2765280686
2375,681886.2317178443
2376,633235.0140678671
2377,333141.311635155
2378,1342106.342197997
2379,367948.03451706574
2380,422438.74810783076
2381,521438.64761077473
2382,1571427.7628424363
2383,692867.5236990252
2384,717674.251183616
2385,651246.0125201171
2386,298595.46646909864
2387,1217670.212944322
2388,446076.76006162155
2389,715669.0750074821
2390,684717.1927822608
2391,326994.5664480081
2392,514860.22532974044
2393,1090953.5578820733
2394,785911.8050029702
2395,796396.996865072
2396,483076.2856782239
2397,837876.9272743368
2398,454382.9578578215
2399,143911.41375188486
2400,882067.8338845235
2401,156502.32537786468
2402,780404.101772407
2403,223265.93490677408
2404,529246.9225566316
2405,667108.8924621926
2406,455781.0921541798
2407,1650450.7778609851
2408,977115.7619474158
2409,410592.0372635581
2410,280422.4221877457
2411,620314.363246233
2412,2103105.4218403236
2413,1529901.4738424364
2414,978983.2448637235
2415,1009484.51878547
2416,210061.60703018168
2417,820876.6624309875
2418,931012.7167257156
2419,462296.21205793566
2420,355877.8921280435
2421,699010.7961151961
2422,902660.0080293462
2423,1261155.8232423114
2424,376795.0641808857
2425,566376.4996166546
2426,1126669.9994426344
2427,576364.2310510906
2428,1294103.716404333
2429,1187693.3550685619
2430,609927.0161260718
2431,2121258.0815821644
2432,754543.5689110189
2433,833519.3067449987
2434,231480.20097914245
2435,678959.1622740662
2436,923740.9482276014
2437,609266.4193596605
2438,326596.8898556081
2439,738127.3220545786
2440,409214.379636511
2441,1569517.5356424365
2442,193156.977356254
2443,440909.7629425011
2444,629210.6223064405
2445,369983.6041502207
2446,1221485.2606211777
2447,266506.4121026357
2448,826977.6178713756
2449,1210866.1756537512
2450,260758.30034126583
2451,358821.66292738717
2452,498328.1420357445
2453,581295.1997869149
2454,449799.7668205169
2455,812196.5872276255
2456,1146567.9687611617
2457,340161.40400993085
2458,377681.08636046737
2459,262811.2554610136
2460,354317.9715081736
2461,838094.2449517695
2462,1059299.804660785
2463,3009076.697628465
2464,237877.07400262772
2465,2253425.268032523
2466,452779.0967171289
2467,248562.25286971967
2468,506284.5925840817
2469,692134.8760690306
2470,533860.5101754009
2471,336180.1037571851
2472,1217042.4662804476
2473,1690004.4946549602
2474,831544.4655881475
2475,607872.6684065128
2476,460220.67413292185
2477,1937840.7597241113
2478,546169.5809280074
2479,484250.5098726548
2480,413511.2642911945
2481,2051217.7797843837
2482,1608891.4548424364
2483,680621.5201518368
2484,822394.377050753
2485,712198.9245275032
2486,211637.58092581338
2487,137553.7653240433
2488,1363782.6142585308
2489,727330.0350695023
2490,823237.630993752
2491,650061.1659168373
2492,1970558.4660869995
2493,287008.8257023443
2494,294391.1186616418
2495,1044347.0581888247
2496,742814.1853150917
2497,576988.0226143464
2498,798111.5518010107
2499,1705871.9372808435
2500,1132044.2578426346
2501,528380.594823071
2502,1430090.8323112694
2503,252873.50936278605
2504,773266.2560479948
2505,234719.91174358517
2506,1452831.3415181139
2507,463909.53661810874
2508,547336.7792809844
2509,2253609.820913367
2510,606477.1089500688
2511,545171.1878047965
2512,424665.53546716773
2513,218791.07833704594
2514,496058.1684611328
2515,317574.12831024703
2516,467966.45808584424
2517,178188.34859052987
2518,1082551.4155475681
2519,306746.938127291
2520,568047.6270919355
2521,328544.5109851612
2522,717412.1558974681
2523,1176323.017898659
2524,1302004.7889893772
2525,166988.67308117275
2526,739340.9171781893
2527,493103.83780959423
2528,985995.4347788589
2529,281721.3177797003
2530,741175.9656427554
2531,808784.9482087728
2532,1015740.6080637705
2533,486000.8643471187
2534,950378.8559474158
2535,1503968.9242857697
2536,1390742.2070808366
2537,1249586.7160423114
2538,575451.4180025565
2539,303786.16796796676
2540,794789.4477336314
2541,236602.9340069904
2542,974662.527168453
2543,564541.5123165797
2544,722321.868983616
2545,486877.47532252385
2546,742339.0247212364
2547,305883.30646909866
2548,724049.1287223998
2549,318946.03787773446
2550,446925.07522255206
2551,502077.1151711584
2552,964350.088686076
2553,474175.5882976362
2554,695331.7559225259
2555,625606.3712685701
2556,201159.06754252716
2557,454291.8411019065
2558,817203.309676256
2559,244414.2097543824
2560,478204.73336173804
2561,517755.5026561245
2562,724175.2071399827
2563,367781.3977459528
2564,610581.5527797362
2565,273179.9391480913
2566,759974.4560155286
2567,436403.002410939
2568,259820.26466119362
2569,713040.3534207431
2570,834189.3014430702
2571,430027.44849714165
2572,336667.51858204405
2573,856723.867284399
2574,495681.5929704721
2575,1794528.255033609
2576,448629.4225551945
2577,427715.9532521187
2578,236602.9340069904
2579,999549.1226581053
2580,626238.8754601091
2581,209928.33764348298
2582,459855.1913292616
2583,967950.5839025073
2584,745499.7982032986
2585,158738.82120013045
2586,409534.444780027
2587,382437.58832738205
2588,395445.09759081947
2589,296421.19346553774
2590,616160.7238960478
2591,911889.7000153236
2592,893549.389518089
2593,1211758.1989273136
2594,322961.4258139135
2595,193233.52084731974
2596,1090779.3279530222
2597,237367.92688668292
2598,324991.3028492518
2599,408876.14037815947
2600,680979.1842342368
2601,289042.12739101966
2602,313644.33659723564
2603,460935.4075424474
2604,631600.0486507892
2605,669495.002663054
2606,493908.1219133447
2607,1130541.2897256333
2608,312384.75825311174
2609,208898.75310234426
2610,694059.3348019869
2611,997099.0260426165
2612,606371.8391192312
2613,813501.2052743216
2614,228072.43608080465
2615,880013.8064186028
2616,3001891.3894284647
2617,1412652.7910211778
2618,277710.61957206
2619,774461.8447713326
2620,1014412.45483744
2621,920854.2983675179
2622,438818.6193353593
2623,420823.4648910147
2624,697625.2341169848
2625,260734.1970375502
2626,443939.1314960076
2627,736638.8830270557
2628,160634.24863253869
2629,388942.07814469934
2630,2146167.0339981774
2631,945550.6264949397
2632,475062.38501468004
2633,373513.5368560498
2634,758326.3461981362
2635,419567.059413049
2636,607197.9924001239
2637,1153970.3971592486
2638,434600.59398300474
2639,784204.5436815731
2640,942626.9761613014
2641,930547.9321882682
2642,824392.0185513459
2643,487269.47703141824
2644,976197.5469679943
2645,1166228.021182562
2646,538988.4629945151
2647,1030665.1759495678
2648,933216.5211788588
2649,146595.9355327457
2650,461879.6998702264
2651,426468.9588002882
2652,1100546.6247803147
2653,586685.224634762
2654,313394.6253849339
2655,583061.570092394
2656,815889.5948466441
2657,316591.7018184821
2658,737166.720220183
2659,785477.4918071523
2660,239050.49334661866
2661,228766.4264502232
2662,766562.3980542853
2663,479664.2639568486
2664,1146426.6482426345
2665,428338.8261965365
2666,867109.5677022263
2667,1077371.4161173925
2668,253953.50784462335
2669,215667.00070531384
2670,592855.1097159497
2671,245161.97025569555
2672,2686204.297429139
2673,946595.103886076
2674,784587.2989280762
2675,211295.5409842501
2676,252244.73192612547
2677,1127392.2756582608
2678,762998.633360854
2679,489617.7683067528
2680,373643.54977602005
2681,598309.6450065128
2682,660971.6668369042
2683,2571347.575308878
2684,1045259.1984694744
2685,327026.58729155036
2686,854812.292231584
2687,1232992.508575823
2688,409014.61204408895
2689,551806.4007903294
2690,208544.33688807412
2691,353436.07072058506
2692,395845.64959291124
2693,240617.4165342716
2694,406027.79765820113
2695,1188253.4749993132
2696,989568.3347730768
2697,1068465.939765458
2698,288698.76657259895
2699,265530.73732415016
2700,1034916.6435613299
2701,599954.3985608598
2702,529514.4453207384
2703,147091.2145127935
2704,850852.9929743226
2705,898816.7859286474
2706,870262.1573665619
2707,839234.6573814309
2708,531500.8000793826
2709,235656.08972421198
2710,310478.3181625871
2711,924645.7667741337
2712,618623.4177223239
2713,893841.5344131666
2714,1634633.4737862279
2715,643654.0003092019
2716,1412512.2814583678
2717,1305908.802067724
2718,448803.5390508949
2719,318164.31099691
2720,362632.67321714194
2721,819759.5844768474
2722,542185.9635762171
2723,965612.2986196998
2724,373468.8163090939
2725,1119604.8053805558
2726,724278.4911308346
2727,476363.17706078733
2728,619382.1318586024
2729,979586.5643069581
2730,598294.2585693983
2731,744723.958314901
2732,327413.5551611086
2733,973388.7526137442
2734,1028611.6223805776
2735,466611.9287825461
2736,1657169.1103547388
2737,426656.69299702893
2738,307553.5847453013
2739,499187.26819327765
2740,149457.48162566443
2741,212956.84910234428
2742,269335.83390458423
2743,525523.0997444127
2744,753010.0133546568
2745,696858.3516797619
2746,213403.6657509882
2747,1163092.132005833
2748,721185.2608107424
2749,368383.2935277391
2750,403860.7495086425
2751,360878.1500659954
2752,379907.5389826214
2753,693532.3959342191
2754,684006.5157600944
2755,399104.554325384
2756,359520.9529613081
2757,462640.9171528795
2758,340585.47269248904
2759,398540.5474207818
2760,1041971.655665237
2761,1148923.1879063938
2762,720500.8042511758
2763,813732.1021928198
2764,294391.1186616418
2765,781298.1949885706
2766,795279.5266296292
2767,695827.8204324963
2768,704034.1660506452
2769,224121.17109929002
2770,813108.9595595866
2771,667967.0605863417
2772,598487.8786205094
2773,459704.06539673987
2774,1000567.653897607
2775,983287.4746361333
2776,817359.2821074227
2777,923138.0564551973
2778,521657.04733919096
2779,458269.9885663191
2780,154589.97054912974
2781,271000.07986134425
2782,748640.0426617943
2783,523566.67382307106
2784,1197605.9869075879
2785,491989.7553731281
2786,870712.1343419394
2787,383686.11433299043
2788,297674.3344167398
2789,550042.616233915
2790,782494.3682080037
2791,580254.5857267862
2792,1075469.3869904832
2793,315311.32415050897
2794,2329094.946694058
2795,404713.17510817427
2796,1707561.9389669402
2797,372079.17485975084
2798,617854.1846397165
2799,692136.3878536851
2800,1926588.9492708347
2801,300347.8526188008
2802,889749.242411255
2803,1935587.188710554
2804,660878.633584776
2805,142812.83234116912
2806,667549.908349492
2807,201476.57919513495
2808,379058.1786850386
2809,325997.0820244564
2810,393594.159534166
2811,466446.975138718
2812,1329268.7250808366
2813,386499.32151055074
2814,437720.0515867387
2815,358367.00445858383
2816,544702.8167842786
2817,750014.1252055448
2818,203119.97818498555
2819,327902.1489605792
2820,817318.9175568613
2821,749167.2478479126
2822,1534801.172615217
2823,584247.7356656205
2824,898295.4383338345
2825,366913.77011792274
2826,262490.8447096784
2827,1718697.4413302655
2828,884862.3779244751
2829,769141.3857835097
2830,1235813.08201631
2831,302083.30859367596
2832,297740.07926108694
2833,635288.761806278
2834,1222552.1832256888
2835,479924.55224165565
2836,510240.6381445899
2837,572813.5366059073
2838,790226.2028533327
2839,584584.0950352175
2840,569077.8099013811
2841,1562976.1063970895
2842,211295.5409842501
2843,1134712.0176512352
2844,440402.76622212894
2845,928009.1367809345
2846,322114.87041982205
2847,497561.02369369834
2848,346032.5702721706
2849,336662.8759536416
2850,1367948.83029792
2851,1298597.5028241745
2852,437180.5914423975
2853,1145752.1475741514
2854,1564798.6701896521
2855,497052.3439616952
2856,2352528.584232523
2857,1304598.5284908472
2858,650107.8678357156
2859,790614.8591375774
2860,968572.564286076
2861,721671.7366798173
2862,762481.0710711904
2863,874895.8145175144
2864,815135.8167836161
2865,339373.353980995
2866,199402.90023680945
2867,176977.2261261262
2868,548838.3424542602
2869,548797.5437715071
2870,198465.42992311553
2871,524765.0715121216
2872,1353162.4735593153
2873,121611.97163628547
2874,1160699.4865998365
2875,856585.2384888969
2876,543754.7624784762
2877,284684.0846808834
2878,129403.3040313343
2879,709700.8904357355
2880,1020894.8623106703
2881,631020.6036984826
2882,879391.8444392184
2883,356044.2157455997
2884,532217.46336923
2885,622212.7987307166
2886,788388.4237932161
2887,652445.8547109786
2888,567309.0676201368
2889,594244.86090537
2890,331071.7911323111
2891,561688.2849629668
2892,591265.5032910389
2893,600496.7598749865
2894,642727.3193041673
2895,1582649.2878424365
2896,1057973.232548711
2897,1148290.390644354
2898,651139.0016964623
2899,860385.1639882681
2900,637383.3210376845
2901,865086.3863689112
2902,497682.6438318
2903,236726.49517636152
2904,1201403.6182540753
2905,459604.1468133868
2906,1561186.932808677
2907,208544.33688807412
2908,2315729.0332881277
2909,619291.9283804961
2910,129403.3040313343
2911,1101215.6981471207
2912,611501.7330456646
2913,990955.8554392259
2914,873539.9783722882
2915,601957.1059974902
2916,645379.447931431
2917,783206.7968955848
2918,356757.86285055225
2919,790070.2418535884
2920,433722.6426745261
2921,1210143.5333071002
2922,716140.9124819589
2923,1059633.712203909
2924,349385.2900328973
2925,333331.1019376814
2926,721522.914585043
2927,190244.78800582004
2928,602429.2202694821
2929,381897.5941700373
2930,816871.7270838197
2931,363013.9811248545
2932,612653.7179859434
2933,393981.24175193487
2934,543915.1187194079
2935,396250.30574704224
2936,1033582.183086076
2937,707842.1385398172
2938,1281144.9124761065
2939,714421.0779900489
2940,351470.300567962
2941,696391.4137981846
2942,338917.1319401066
2943,514417.3966899443
2944,348125.98174309096
2945,461742.92554727703
2946,417872.2939097603
2947,423575.8717042444
2948,1170141.1339653046
2949,296079.1262291545
2950,577526.9758501587
2951,646696.1930194638
2952,909107.8650186723
2953,700081.2484481196
2954,263992.85909036774
2955,1210747.5219970895
2956,375049.62810687785
2957,435542.67347774375
2958,1210143.5333071002
2959,1417582.8535349723
2960,477339.1678667448
2961,2677468.6800159053
2962,1304372.7264839192
2963,512859.93810117885
2964,1294658.5988810954
2965,517394.7831194678
2966,805775.4936216987
2967,985845.6969363606
2968,421991.1799827651
2969,917818.0419276024
2970,863325.3868590936
2971,357354.051434099
2972,703654.2390716929
2973,399625.3245180374
2974,586270.6269189331
2975,999549.1226581053
2976,524318.3502449637
2977,951415.769734721
2978,298567.01583800383
2979,729103.617262701
2980,285276.06520488847
2981,277398.49666174897
2982,615611.0558670001
2983,1007259.1128860761
2984,704846.3617522322
2985,408876.14037815947
2986,1024492.3538528538
2987,157222.746956684
2988,458329.6198409947
2989,284854.41831135587
2990,667330.1953207756
2991,908697.9080271551
2992,216784.82390595315
2993,147405.03992765522
2994,657562.9775908747
2995,509877.38692749385
2996,692578.995952129
2997,584934.5877284586
2998,551260.934284655
2999,565374.8743368825
3000,945282.9151174265
3001,1194655.8574194403
3002,326909.2021952802
3003,758003.7864769012
3004,1196501.6293836443
3005,701498.3552077357
3006,576597.7861516548
3007,942602.0693622677
3008,474462.11241489777
3009,122328.07163628546
3010,460447.1084012139
3011,434579.51912841713
3012,860169.0033106703
3013,615993.0335687096
3014,347074.58901283453
3015,472292.8221579221
3016,730114.1074393959
3017,455766.84212024097
3018,398790.19874309277
3019,775759.1340381657
3020,248387.28899223846
3021,560847.6842362536
3022,1649036.5151946582
3023,1269506.6005620516
3024,1160603.37025733
3025,385879.1534210281
3026,796066.4408754003
3027,707339.4328569595
3028,771170.4496788179
3029,377132.9764629937
3030,949796.0343691485
3031,487330.49374150514
3032,506946.5665195861
3033,790305.6950665624
3034,336430.9365424474
3035,872077.1205198728
3036,297547.49319550104
3037,437916.0805219412
3038,922380.2836548858
3039,473158.44644802617
3040,437980.26679194265
3041,824938.1513144998
3042,437236.6691861099
3043,527070.5072938534
3044,235992.00609608105
3045,746531.3689049727
3046,873898.3810291629
3047,448803.5390508949
3048,377812.9155605339
3049,518196.872294044
3050,559398.1545266872
3051,451908.48242002237
3052,810294.7771317653
3053,704415.7505922818
3054,818792.867618031
3055,496816.9730650799
3056,497354.5682635432
3057,403193.1120748385
3058,165450.1124720065
3059,716233.2071970337
3060,876136.3336634921
3061,461980.53645838815
3062,375705.3274457752
3063,286514.16545456636
3064,754268.0542139743
3065,610291.8275333992
3066,1288050.6591349724
3067,1291366.986298398
3068,601557.0422607709
3069,2858642.348344692
3070,344303.8624768923
3071,268488.3395464439
3072,2568086.4142515594
3073,1150709.719359467
3074,477523.538527635
3075,276318.72509726894
3076,370745.146721002
3077,581753.4159725356
3078,627348.1387975037
3079,808224.5653595866
3080,382379.89967674896
3081,890484.656446375
3082,204357.83577546215
3083,1561066.9022548185
3084,481262.387210873
3085,1449521.0734723916
3086,489359.0199862315
3087,297993.5507500706
3088,556967.040605664
3089,407219.42285170796
3090,495030.50910565385
3091,710382.5429226034
3092,936792.6357855335
3093,812304.1078942162
3094,987717.3143197923
3095,460805.6948669796
3096,131680.21269953216
3097,1477689.0734723916
3098,318963.35384963086
3099,136760.74584659544
3100,656483.7419131412
3101,968798.4750074884
3102,552350.849620573
3103,237367.92688668292
3104,510886.67002543545
3105,579992.3193995785
3106,326333.7217494305
3107,312001.48713465896
3108,355120.8220364911
3109,551380.1961492496
3110,358728.5142864065
3111,694674.6871806505
3112,828943.062638769
3113,321466.6129931661
3114,273946.1604290681
3115,789007.6912381706
3116,402756.6891013663
3117,625032.898838523
3118,711118.2053627516
3119,630372.9949013945
3120,685405.7412391547
3121,855839.0114843021
3122,416386.05562472856
3123,652007.2483767773
3124,544420.6206772656
3125,741175.9656427554
3126,499831.9999157715
3127,661372.337073701
3128,514491.84326068964
3129,712875.1028372736
3130,876522.1753412527
3131,439051.8955634829
3132,1322689.9614211777
3133,246262.42145237693
3134,1092731.5356373799
3135,193156.977356254
3136,519157.0996830859
3137,2027121.6099865618
3138,685606.636997963
3139,618415.7140547582
3140,270373.35201219097
3141,276972.9212301936
3142,462294.9044877825
3143,557393.9566952381
3144,793866.2683831621
3145,354067.31738050235
3146,258076.95949822274
3147,442413.0583418648
3148,665434.7905688197
3149,506832.52568994433
3150,607648.9898720883
3151,469314.10996103217
3152,289688.4751185181
3153,333225.0817587653
3154,361305.1356530594
3155,228549.40865428076
3156,836581.0716191523
3157,1267448.1606478605
3158,919926.5586144306
3159,958605.8428180683
3160,263946.1234957351
3161,266506.4121026357
3162,493010.1009101267
3163,419795.5281954897
3164,884765.7814533301
3165,241584.5892567553
3166,236726.49517636152
3167,635577.2606690447
3168,1798760.8832792847
3169,2289582.937256179
3170,568659.8265123084
3171,950317.7008238954
3172,1198702.7712793117
3173,1112438.4252026328
3174,311098.55921086884
3175,470916.99840427627
3176,433839.46291824145
3177,1145191.838802847
3178,600542.7713749509
3179,997099.0260426165
3180,851291.7711933441
3181,1270536.9212426345
3182,435078.62502057734
3183,1000144.746886076
3184,518842.1958510703
3185,531500.8000793826
3186,247375.06311279716
3187,831451.5861405686
3188,631614.1026548339
3189,636819.0118850628
3190,430888.44086412626
3191,987667.5210528538
3192,445275.66294628393
3193,881631.925395917
3194,694761.1605173714
3195,133327.4294688634
3196,246727.6901758435
3197,825418.4324771336
3198,495707.04405745445
3199,412567.0405582023
3200,1002235.2932563786
3201,551079.7054373691
3202,495238.3908329277
3203,2320527.007238588
3204,521123.3813133447
3205,642798.946014211
3206,782314.5413194285
3207,513324.1275402253
3208,796066.4408754003
3209,462872.0690609274
3210,969184.1998049419
3211,881275.5044122228
3212,832391.3821812328
3213,1400734.2565843074
3214,203116.62260337255
3215,586433.4842181889
3216,507347.8069162328
3217,935813.2665092933
3218,201476.57919513495
3219,497931.61017540086
3220,266666.07592120697
3221,845083.3593067105
3222,605490.1865301386
3223,457531.2847137251
3224,551263.546432632
3225,544300.9671876059
3226,810018.7728545228
3227,310384.0576481786
3228,126748.32494244736
3229,346190.2972328026
3230,1031398.9972314861
3231,431944.3797424474
3232,588861.4709974902
3233,128140.09803133429
3234,1383166.0317936032
3235,240157.34122744782
3236,681127.5602907544
3237,867976.3021022264
3238,1138356.98297195
3239,928014.1380226058
3240,266506.4121026357
3241,444610.36783051555
3242,706962.8686228245
3243,684717.1927822608
3244,358125.45981420454
3245,408396.16623204935
3246,1181109.779699884
3247,249583.21403508115
3248,1212821.3626519188
3249,1055488.2182487778
3250,239734.96409655162
3251,522333.8041764274
3252,817221.5228357917
3253,203119.97818498555
3254,453126.24734699406
3255,542479.5669359437
3256,502882.05317501293
3257,1158481.9187148875
3258,447494.36664453574
3259,332317.0413628005
3260,351177.5214883976
3261,1204617.2859173925
3262,540947.4770294421
3263,699065.6135198604
3264,400296.4701284313
3265,851976.3622062353
3266,419947.8209462096
3267,500312.59394951153
3268,695216.1769906901
3269,615166.8606734744
3270,906641.0074871895
3271,385355.8040931411
3272,906966.9711933441
3273,532037.5141071456
3274,482626.0812329068
3275,231480.20097914245
3276,585632.3884096862
3277,1226781.985693759
3278,2001164.926612244
3279,1451299.895242389
3280,167474.1873820191
3281,623642.483806278
3282,609505.592416948
3283,356757.86285055225
3284,417517.86440492905
3285,374036.0581049293
3286,453478.0198889514
3287,665423.7447953233
3288,584864.5292464748
3289,400696.2488926945
3290,414523.9736037715
3291,617759.7200570649
3292,202857.49512903864
3293,444892.7706488833
3294,726838.0501097019
3295,728507.7652579662
3296,442464.85946232453
3297,153765.62188849458
3298,695630.4022480787
3299,790030.1771165257
3300,1035827.5009805777
3301,128017.3040313343
3302,629092.2583427363
3303,1171557.9289674843
3304,625032.898838523
3305,331238.72951704875
3306,402099.9263766917
3307,442077.781847651
3308,310671.8185964903
3309,469142.2497011215
3310,763991.3193212352
3311,470874.6927329013
3312,636511.0858405381
3313,882083.1002097807
3314,772497.9004806902
3315,959214.2651689507
3316,441825.96857383265
3317,423973.56004169356
3318,576474.4090428805
3319,609025.480760642
3320,965335.5255882682
3321,384786.57561658265
3322,1073564.8088180204
3323,117767.40923628546
3324,476857.1271829208
3325,1240004.554099569
3326,682518.8471793507
3327,382983.3521046818
3328,581869.8018749589
3329,642715.3444825828
3330,1370870.8066635523
3331,527421.3598300697
3332,498319.1007424474
3333,1403469.5187924032
3334,404805.5255608185
3335,753797.8201158778
3336,194564.51680934735
3337,1578529.6536209132
3338,781451.18985441
3339,181065.457883648
3340,652478.4075341234
3341,203245.34022357588
3342,892437.1238593534
3343,467108.1034562581
3344,315952.8583490981
3345,541105.5394194868
3346,512588.19042511215
3347,845447.046407602
3348,146115.5219986376
3349,1171418.9668218032
3350,398377.6115918086
3351,1141723.5404050944
3352,585187.7530636837
3353,332423.512275256
3354,172714.14846169017
3355,292955.0239890058
3356,279366.34692216106
3357,717671.1867079267
3358,684865.4050598142
3359,1072302.928348711
3360,748022.6619558053
3361,352585.3882543435
3362,766251.2031595865
3363,843372.2925077263
3364,657140.8987892189
3365,707433.5208997541
3366,548953.1224230013
3367,553911.5203706298
3368,297851.41207803896
3369,665073.883974261
3370,678263.0602159157
3371,738299.977052904
3372,1412379.4328085275
3373,517733.48936176323
3374,179192.8723911381
3375,1028223.6773242533
3376,219073.21748432226
3377,681751.3949757052
3378,810699.6274717518
3379,825959.7834229057
3380,556651.653278577
3381,215105.90602950964
3382,1040499.4869280604
3383,329993.71074499085
3384,1166923.143894481
3385,700381.9171815112
3386,967360.0393757112
3387,634107.8470098686
3388,1157654.4675539604
3389,212341.38864977635
3390,120909.41803628547
3391,654966.7840189335
3392,682468.0137024112
3393,949891.3236763846
3394,396549.35229765886
3395,180358.81705945687
3396,551547.6427305383
3397,882219.6228715464
3398,371728.14421636506
3399,345216.8752847622
3400,1042796.4438188543
3401,666849.7565502664
3402,502470.6678206448
3403,418004.934283749
3404,322303.0029178226
3405,957346.7027788588
3406,448910.9416239982
3407,171599.23531615624
3408,236540.6080963742
3409,412936.8102926538
3410,830621.400194371
3411,809355.9959536896
3412,727960.196131916
3413,178381.11547050666
3414,1020627.0809836404
3415,1219968.4080908473
3416,165337.86856574862
3417,421343.3768335565
3418,576977.9105915651
3419,243995.04612614954
3420,1089350.5787584116
3421,914657.674796646
3422,635261.4422281657
3423,521412.51517115836
3424,368587.942917043
3425,207017.7341542516
3426,461624.9718858442
3427,451930.8825604004
3428,623760.2882275556
3429,518460.2063548115
3430,703471.6108076414
3431,1217831.6085819202
3432,567595.7983189387
3433,345326.41923589056
3434,1317296.4955292419
3435,735237.2313299131
3436,388544.68964559794
3437,1110087.9802291389
3438,124084.30723628547
3439,388931.6907741348
3440,452668.25706454244
3441,699435.9789061609
3442,201092.52193737574
3443,2899890.608544692
3444,486030.64064476977
3445,1482162.0734723916
3446,695159.6863104178
3447,1036642.6153476823
3448,428266.9678909397
3449,1351469.5164176715
3450,348226.0519243567
3451,483420.42764568876
3452,415809.6840479959
3453,1959669.9011865617
3454,1762986.6996922528
3455,303470.67846331827
3456,288661.14524575794
3457,538962.980489166
3458,263918.115247277
3459,998365.2815377498
3460,964671.035490039
3461,272796.85385914
3462,716665.9838302772
3463,572424.9409556328
3464,872228.2710688836
3465,1407327.8650233615
3466,477827.666227838
3467,1296889.5801349725
3468,698464.5859203473
3469,127135.70926480663
3470,1153709.867768338
3471,522314.3328823193
3472,700081.2484481196
3473,402427.3315451033
3474,1020384.8560621969
3475,171212.84995502498
3476,879720.1575362226
3477,953477.2712469212
3478,610172.3257638584
3479,394589.7662343775
3480,1167319.906559547
3481,257372.65686918102
3482,477935.361710676
3483,637436.6286670561
3484,431736.67322744493
3485,450393.4277052006
3486,1372387.6128023942
3487,384786.57561658265
3488,718896.1103471203
3489,619484.8357650187
3490,263412.62751204666
3491,759923.8933595866
3492,996841.6443501491
3493,255546.037246919
3494,439496.81895733153
3495,371172.1144340907
3496,277398.49666174897
3497,334105.43842498964
3498,659836.7548538266
3499,730466.0912593347
3500,232647.26169437167
3501,364457.7100928956
3502,641447.3653839467
3503,408876.14037815947
3504,1112004.4044319156
3505,367349.2660313547
3506,301419.2523521743
3507,198871.92534083096
3508,311118.85602243093
3509,567832.8364113688
3510,463903.2170606745
3511,1004745.765391276
3512,592977.0186147974
3513,898391.9196283709
3514,262920.6569080826
3515,905320.8972763225
3516,724438.8048753616
3517,177611.26104720432
3518,202896.39681077556
3519,491397.5743628164
3520,604930.8278568382
3521,559408.8480705635
3522,407706.3213389912
3523,982828.585086076
3524,595118.7126073573
3525,285444.1437443833
3526,893549.389518089
3527,1130963.671301109
3528,690356.5408798173
3529,204187.99374881538
3530,296678.819636823
3531,1289299.13889792
3532,590313.224904768
3533,942880.9907364212
3534,526990.006127764
3535,845789.1148239227
3536,447758.902593811
3537,214127.70971454433
3538,816611.5643653149
3539,399549.92075546575
3540,734760.0987175774
3541,350330.5211627715
3542,1744414.7346551933
3543,524979.017366802
3544,285672.6536671812
3545,362828.73201174167
3546,461464.52280033083
3547,1173033.0463587788
3548,860546.5559178265
3549,250104.61691661918
3550,1443808.3726808366
3551,629649.7601325682
3552,922179.976289577
3553,1052894.065310788
3554,550434.8891472927
3555,811531.3802223578
3556,2389193.326088214
3557,960173.9905848725
3558,764722.8918078546
3559,1008188.3424535668
3560,354192.50954250194
3561,282029.64124618797
3562,481515.0383791333
3563,1865141.9262424365
3564,2461194.911787704
3565,684826.20096282
3566,1739057.4920819427
3567,527411.3543060534
3568,1201138.1190896202
3569,241346.3776906964
3570,509412.2076899443
3571,236464.915817814
3572,2765684.8123446917
3573,1177691.2213095152
3574,470926.8629057779
3575,721001.4266762295
3576,251420.35480012442
3577,611005.2965732416
3578,389403.40054986975
3579,655958.9363346935
3580,499422.257699657
3581,507085.37429135095
3582,507153.6690787872
3583,1780817.437331265
3584,279571.0072341389
3585,195957.40176052265
3586,550155.9773700108
3587,897893.4064484716
3588,950559.866702252
3589,1069239.597750151
3590,425541.0191455489
3591,343471.48437862314
3592,266089.219473694
3593,340574.46667949134
3594,1205411.9065678765
3595,1242935.8632386562
3596,473703.759474225
3597,614091.2385483998
3598,729103.617262701
3599,286514.16545456636
3600,959537.8807712691
3601,311694.5323061366
3602,1026340.8674274576
3603,484483.01695737004
3604,973725.8052644458
3605,164174.53831689028
3606,537886.4644197306
3607,735021.7069205838
3608,449779.8309424474
3609,673208.9278734492
3610,398391.55486235017
3611,358349.67659440637
3612,948734.1147247863
3613,1199780.9374862772
3614,290558.34519497515
3615,789997.3606538723
3616,922505.5614056278
3617,297383.8367025215
3618,131313.63051377906
3619,415689.79917906993
3620,1191648.6589410196
3621,483205.61599516013
3622,236871.0002174658
3623,1474925.9984723916
3624,504932.38205201586
3625,1488700.2500395526
3626,220549.7715336266
3627,729102.0713183056
3628,574703.0183369421
3629,405042.3050939005
3630,649634.5732095405
3631,1401309.0186564545
3632,215928.76906258633
3633,617464.3996620693
3634,496859.72266968223
3635,366688.4894748259
3636,750831.6898545461
3637,1299131.2164176714
3638,215397.49540070933
3639,998986.3215341242
3640,1650268.3148424365
3641,825520.8802837543
3642,301859.7285857026
3643,297432.7629096372
3644,141848.2928790091
3645,449783.06115956476
3646,167097.21686628222
3647,467449.72285599576
3648,1099843.0834794915
3649,161298.9877983789
3650,808061.5327203181
3651,523085.4624868974
3652,301859.7285857026
3653,896229.3517068303
3654,495863.9664483103
3655,359197.494317954
3656,1169460.2792976839
3657,980623.3310701959
3658,217113.56128673113
3659,1002170.4954240022
3660,250534.42541508377
3661,1064857.0606242672
3662,620502.6169026844
3663,922188.3934495951
3664,299680.27419211087
3665,1394315.6729034714
3666,2055337.2981865618
3667,633278.853851821
3668,393008.16956267774
3669,1285291.9833343315
3670,485675.962980843
3671,751493.4052997541
3672,432631.1412438865
3673,501874.2380481921
3674,671330.1297325161
3675,895186.5382519495
3676,520548.4425076213
3677,2979160.778151854
3678,753280.6674430268
3679,615324.9062749989
3680,702119.3916626584
3681,191959.2896141885
3682,671341.1575072418
3683,572478.7462929051
3684,535726.9694027373
3685,666248.8396302268
3686,544702.8167842786
3687,243364.97140013435
3688,723523.6794463018
3689,1063568.115548711
3690,1109242.2662794914
3691,492249.81720556837
3692,268908.39607294946
3693,664273.9879237046
3694,752403.5622370825
3695,696255.1150055447
3696,1129300.1861577728
3697,431952.65201881836
3698,830382.1010691787
3699,124781.29163628546
3700,604243.5851993391
3701,211577.9187372333
3702,856585.2384888969
3703,811257.421360195
3704,949706.245486076
3705,780445.8458968018
3706,476491.21101468004
3707,846018.1116314977
3708,604692.7853834537
3709,1208158.3015844992
3710,853600.0088430702
3711,331458.32757281663
3712,1683710.5183256469
3713,1233322.2029619585
3714,402039.0711130005
3715,146605.5309074985
3716,684964.2484690779
3717,712758.6871904922
3718,408876.14037815947
3719,401867.32952013484
3720,356757.86285055225
3721,916473.1895170923
3722,243311.8837173228
3723,335727.03168780904
3724,163588.24100337486
3725,604930.8278568382
3726,820100.2656783962
3727,708784.1043698344
3728,404843.88432449044
3729,442213.11557760567
3730,1172507.729809815
3731,831199.7069932176
3732,897274.371092305
3733,1130876.5558445083
3734,1377290.0935877727
3735,533065.2845001011
3736,2388067.5297140777
3737,383715.47835535515
3738,923376.8444432031
3739,893549.389518089
3740,558078.3495127958
3741,243761.76718668558
3742,459000.8987353835
3743,1559204.5927787903
3744,524947.8419363685
3745,358596.3635061608
3746,968303.954686076
3747,750014.1252055448
3748,1236930.7721074077
3749,277514.9516554467
3750,175739.29901343567
3751,271743.7133060611
3752,862018.0519910335
3753,966473.5809888598
3754,157653.6156638313
3755,669666.5610673578
3756,485551.20591656934
3757,785931.260983616
3758,297674.3344167398
3759,585708.2240307453
3760,522498.50537836715
3761,2198226.0872023767
3762,540820.6399310693
3763,478083.3469281943
3764,481571.26528289524
3765,852934.188018621
3766,858975.5377990706
3767,540206.3688153363
3768,566597.3592539728
3769,222159.19333921745
3770,572463.3114875567
3771,178875.33905100814
3772,880063.8191301977
3773,422191.931428113
3774,467300.6998841063
3775,787426.7834743216
3776,781514.815151413
3777,400842.9450426557
3778,713205.4576476088
3779,330743.7980952236
3780,381780.76240166696
3781,951771.9790245759
3782,808934.7102829027
3783,438831.3541262486
3784,1732778.3370269632
3785,773078.8886447961
3786,430726.2398029753
3787,426992.16946670087
3788,842094.9802881937
3789,858975.5377990706
3790,522333.8041764274
3791,635734.9931996702
3792,971297.4236899919
3793,530515.2097840306
3794,983358.5673422077
3795,747857.0772836161
3796,326620.4617735869
3797,319223.1175124163
3798,595784.6239248983
3799,244955.28985465053
3800,187176.04930838157
3801,499992.9005365971
3802,375175.6785544404
3803,326640.3254076382
3804,226179.38345539875
3805,1043220.7943291989
3806,535549.9306082695
3807,397615.85731365334
3808,1296411.4669906842
3809,456298.11954417697
3810,778400.3260621597
3811,889129.7771446928
3812,127915.53803133429
3813,1279200.636115306
3814,339091.2514880415
3815,174684.8582091382
3816,1081636.6271594672
3817,419978.7539462096
3818,511447.2122974564
3819,323186.28983689175
3820,260180.23058072026
3821,649847.5291917267
3822,603380.5268335534
3823,270718.87746302335
3824,1209363.8065690922
3825,1051736.980602725
3826,329159.5338353183
3827,449405.93850661063
3828,210578.8465635278
3829,462241.48313939094
3830,1023178.8846842635
3831,1611513.9331494344
3832,153342.10233936162
3833,131211.7942714997
3834,690394.3496181488
3835,154429.22572767182
3836,702566.8400377769
3837,580456.2247058593
3838,851392.8196186027
3839,806002.9310491045
3840,1677315.0851568454
3841,964708.8202472369
3842,803006.7918135999
3843,905206.2436186029
3844,400049.6215367141
3845,399028.6689869362
3846,665073.883974261
3847,792660.985323871
3848,522594.40993406076
3849,729575.0309803701
3850,428307.8124071612
3851,426842.77348731965
3852,462872.0690609274
3853,833283.6339671476
3854,236873.34607912722
3855,1074175.2348362086
3856,856334.5559595866
3857,218610.71119349505
3858,400180.10509032116
3859,354786.20097720774
3860,818004.5647884441
3861,1122208.024531564
3862,788618.2102617944
3863,509795.0227475907
3864,547442.0337807005
3865,1042215.0402929957
3866,191982.02996883134
3867,731405.6712811856
3868,674974.9968878786
3869,355700.4464944739
3870,303978.4659614889
3871,160521.33374999365
3872,528569.4485717351
3873,468887.14646277815
3874,577174.2717574507
3875,1330522.5278732155
3876,717582.6204441278
3877,139235.32781299166
3878,568985.5964113688
3879,708545.7737852874
3880,909861.9852551973
3881,301047.7765220136
3882,728355.2203442256
3883,613815.2594744376
3884,224454.08860997425
3885,546167.4958526341
3886,975819.7728795175
3887,413454.30628064537
3888,407317.55241586
3889,662297.9612164437
3890,1239361.929323688
3891,517348.27590749256
3892,315513.8253681611
3893,841492.1808604536
3894,1222255.2307322395
3895,539320.1024127721
3896,312721.59373905824
3897,338126.0983324802
3898,1471356.275051244
3899,696668.1616578982
3900,544120.6904695475
3901,397709.05843877455
3902,1536820.829312142
3903,176250.68213078615
3904,607920.309999339
3905,648796.085157202
3906,1158876.8285800389
3907,535590.9622876982
3908,492119.12086477235
3909,562153.1353958569
3910,952759.2485788589
3911,508468.7684210434
3912,1084640.9844180204
3913,373441.4254023056
3914,775692.903004293
3915,473482.4758281134
3916,287984.77791438217
3917,864318.7415132029
3918,443315.3333084615
3919,347158.4079102912
3920,806423.8867595866
3921,365555.6784320872
3922,605993.6965083554
3923,533664.2392029393
3924,594883.2662568804
3925,856397.1333356961
3926,293736.7267090663
3927,502059.8534738749
3928,324990.9590218094
3929,703383.8544694432
3930,521778.479660328
3931,590232.6282777891
3932,435174.10511082655
3933,915715.0007788589
3934,805154.204472296
3935,1373874.9191593153
3936,519550.7370807169
3937,718556.7082826165
3938,1878749.772843413
3939,915893.746687536
3940,1367476.9829848711
3941,471150.4367077524
3942,1146197.2165411382
3943,581384.3580206387
3944,785312.0872278465
3945,491797.3054788355
3946,412920.2068969746
3947,172797.13930833078
3948,615993.0335687096
3949,187255.16097504823
3950,1203975.6860386466
3951,593187.003430509
3952,483274.33583209343
3953,478084.5170211221
3954,264284.0204455725
3955,293082.6942292826
3956,767926.8627458623
3957,675811.4771389514
3958,378741.79543365084
3959,321783.6594945066
3960,672330.0033515528
3961,669719.2776804328
3962,563457.4867121212
3963,837842.3670024958
3964,698506.5951807548
3965,721137.6835845204
3966,881586.5677255376
3967,862328.0891385787
3968,377318.35476534045
3969,186840.52580819014
3970,1071281.872439486
3971,1242068.0326153557
3972,668392.5795638601
3973,700593.8548101343
3974,480812.0507755478
3975,480854.31783206784
3976,296920.9899827418
3977,2924674.698828465
3978,766234.8548265381
3979,836396.8928688691
3980,216500.3236093119
3981,796101.9786148457
3982,411672.6480379312
3983,482798.5261771962
3984,700745.9171815112
3985,1099365.983244783
3986,1084156.0654178206
3987,525174.0625571336
3988,579902.476947809
3989,414986.0675969989
3990,692186.2186941106
3991,165567.3005575371
3992,778030.1798913514
3993,771003.7723564667
3994,202309.56715395596
3995,661967.9099230566
3996,434135.09590846684
3997,596441.2882170663
3998,438439.20624364645
3999,904017.323764655
4000,1098889.8290794916
4001,664983.6752558597
4002,760260.2974970572
4003,1274448.8407532293
4004,319163.475033248
4005,754348.8309632523
4006,436396.6840504595
4007,121123.37163628546
4008,557059.8330845231
4009,444423.25467845454
4010,657140.8987892189
4011,962462.5135474158
4012,344384.63887567335
4013,682220.280704389
4014,624498.7278734664
4015,708784.1043698344
4016,884770.014009598
4017,854002.9116109017
4018,697106.2598051816
4019,590698.664445939
4020,648291.003617759
4021,703972.4222205051
4022,352545.7904596243
4023,363601.09478917427
4024,649847.5291917267
4025,1202849.5492363807
4026,993602.9431605204
4027,610060.261956086
4028,1292262.9559650514
4029,960615.9681155853
4030,279931.85747771664
4031,482145.8395404707
4032,145647.3383554901
4033,302678.5013487336
4034,552367.0536446865
4035,605082.7440667577
4036,585535.9823117082
4037,584467.3720160979
4038,466611.9287825461
4039,947970.5914982078
4040,869195.1962241309
4041,1079923.1361095915
4042,1069480.7247416696
4043,1068624.532872127
4044,912328.6466937574
4045,992401.4411297683
4046,367399.3510261002
4047,1875136.1817052034
4048,715991.3260213012
4049,631676.6111327537
4050,555883.9755356549
4051,1119233.3772033916
4052,252873.50936278605
4053,193449.95178742986
4054,1226942.6404426345
4055,307742.3125013121
4056,503270.2385450343
4057,611054.1869638017
4058,1244424.123083919
4059,126313.30043628547
4060,342691.2863620107
4061,401282.98700364446
4062,548918.0063464058
4063,854583.5845854579
4064,255312.83585539955
4065,726416.2816200878
4066,332687.6251955188
4067,748040.5659402802
4068,386812.1987544385
4069,840554.2925340082
4070,704091.9355499253
4071,257914.02082077184
4072,308508.9221622463
4073,612606.2906335748
4074,391479.10962783295
4075,733275.7787725476
4076,339314.2657114791
4077,739652.6331036906
4078,526990.006127764
4079,886641.9899706062
4080,176496.93562474346
4081,576100.4650881381
4082,1274727.0834269817
4083,729592.7727314339
4084,1874718.2351879042
4085,470047.3660582156
4086,1146260.4032173774
4087,531077.9979870094
4088,266400.3511943461
4089,436965.6175659446
4090,793088.4046083167
4091,403784.54555533716
4092,287689.8773599831
4093,1125616.8845929597
4094,845009.4307061817
4095,486053.1350493893
4096,1505495.7780803
4097,633141.8539575273
4098,737420.4559835577
4099,428332.0903503251
4100,770766.6427595866
4101,393290.6813557421
4102,500312.59394951153
4103,225492.71828688282
4104,1623381.9728424365
4105,1114331.2222276013
4106,648929.1834502607
4107,635778.0899463377
4108,998063.252864909
4109,528065.3268827493
4110,2236385.4841821645
4111,1247947.7333071001
4112,230625.6972296704
4113,685049.4888376354
4114,1087079.9836339797
4115,170198.961166254
4116,731479.45239975
4117,1008635.3097649737
4118,515073.77098747715
4119,593187.003430509
4120,927663.308693595
4121,762303.1148768654
4122,511023.94081459765
4123,1161920.7073595347
4124,416965.67619454954
4125,475236.68484644545
4126,492914.04966354324
4127,795477.2442227607
4128,757856.6466051497
4129,1086242.936948711
4130,693571.0048227913
4131,719829.957183616
4132,659634.1119974896
4133,1011841.9257593895
4134,197572.5336723228
4135,598365.2804362235
4136,533429.1044975434
4137,708784.1043698344
4138,966707.1196657722
4139,2039993.0895865618
4140,223887.20835437233
4141,1087322.035334612
4142,863951.8906186029
4143,1661973.4055323545
4144,909578.7280261094
4145,627730.3574393959
4146,319604.90517891676
4147,1085665.2676036302
4148,392096.0919470594
4149,2253516.8966312506
4150,1171299.261158779
4151,510011.1556024727
4152,1138862.4638131843
4153,498045.00397467666
4154,460829.1580604502
4155,572064.1794203694
4156,1276161.0811929875
4157,390420.39733739616
4158,408876.14037815947
4159,845249.5240227289
4160,405719.46425059275
4161,870986.5475979293
4162,457814.28375065717
4163,790983.1838088414
4164,418757.2927608185
4165,1468363.1796701476
4166,639498.9919849753
4167,710660.8178761243
4168,703963.7476155361
4169,577874.9677333877
4170,1323382.1903250525
4171,552669.2669500456
4172,380697.6602505552
4173,902139.5374725593
4174,683930.944814057
4175,1185569.7139116284
4176,1574017.1020424364
4177,1625261.5375923363
4178,604470.8107104691
4179,768322.3936793196
4180,183459.24551148975
4181,863457.4298227289
4182,641251.2109269785
4183,576474.7795909432
4184,461498.19307583803
4185,456795.69658675627
4186,753865.3512519153
4187,648291.003617759
4188,638195.3393262639
4189,325789.05137850397
4190,312672.6069387444
4191,432004.2397120426
4192,509910.64219327644
4193,1305299.5567719655
4194,252154.6182117215
4195,420112.28328913637
4196,291018.479799915
4197,591959.5862887301
4198,231480.20097914245
4199,296079.1262291545
4200,483816.9069770594
4201,532978.8215159811
4202,1083738.125150151
4203,711583.418183616
4204,844734.9783882682
4205,119137.50336073343
4206,531116.8363330695
4207,233168.36486300372
4208,655612.7620714135
4209,777053.2972342
4210,487430.1065969013
4211,772214.4409713978
4212,708288.8788997541
4213,339315.0949524076
4214,1451992.5475194538
4215,1358746.386727024
4216,893549.389518089
4217,1020010.6685833251
4218,912277.3120847818
4219,737973.1583356042
4220,119656.17163628546
4221,190430.79912222837
4222,560457.5841611766
4223,152159.63474141748
4224,676775.6739662739
4225,183990.82272114506
4226,2226834.5867041494
4227,449510.204210939
4228,205187.71683438396
4229,158485.8807289758
4230,516955.21271022287
4231,906614.9011903541
4232,1851477.0988424364
4233,495251.0205689898
4234,568646.5204462559
4235,597450.2025138538
4236,494447.3067886076
4237,804372.0214332045
4238,478911.6244438135
4239,1075164.3673682895
4240,414021.8373104622
4241,248562.25286971967
4242,723664.713983616
4243,1009033.9040860761
4244,351708.6005124848
4245,447044.13132650114
4246,640316.3149735109
4247,549386.9227671499
4248,1064706.8299945563
4249,618865.5218720464
4250,1117243.8852640598
4251,239734.96409655162
4252,560079.4966732997
4253,196544.9590100033
4254,514321.17584550503
4255,364765.6891362948
4256,496644.93022210005
4257,194564.51680934735
4258,190430.79912222837
4259,658818.8992271663
4260,568258.4086392113
4261,297041.5714360439
4262,769176.6529870908
4263,705812.0156432574
4264,393095.220862599
4265,535074.2811472167
4266,1220617.655209933
4267,619292.8121799194
4268,400466.4289975439
4269,579842.9359434877
4270,382919.4796121852
4271,345631.79377736076
4272,701579.401933435
4273,368635.1373439083
4274,752471.1128495788
4275,2251037.6419946062
4276,585658.2822251304
4277,640634.8072498065
4278,708325.9936624991
4279,1063084.265053842
4280,1577932.3665105351
4281,1358043.7870209096
4282,618157.3838609839
4283,807802.4388922559
4284,949394.6867474158
4285,396144.26506319875
4286,258189.27110327836
4287,796066.4408754003
4288,471271.0568885178
4289,373184.9574382908
4290,861830.0674186028
4291,582401.5543557392
4292,829747.6912381706
4293,326260.812869596
4294,299891.91289641685
4295,816871.7270838197
4296,498796.1951592393
4297,954759.0651609688
4298,404327.350571602
4299,459534.97185250337
4300,1179677.2886827309
4301,1017526.5673486331
4302,1446323.9984723916
4303,603268.1649246608
4304,699818.7110701452
4305,649847.5291917267
4306,220314.2879162403
4307,877923.2754634921
4308,207017.7341542516
4309,259201.29239877433
4310,378275.4718048002
4311,1392106.0791722932
4312,401471.2708595168
4313,560457.5841611766
4314,864139.2058354851
4315,455970.09253129986
4316,1079505.4743923566
4317,1134585.0158752897
4318,352473.8516400116
4319,1621150.9160424364
4320,613116.7137525509
4321,520020.5778154454
4322,736813.34561346
4323,203916.16566286492
4324,478785.62081110425
4325,388793.1807508684
4326,518932.1134506597
4327,528172.720285077
4328,1755901.8213172408
4329,793769.4334350734
4330,376845.4627745345
4331,442944.5252821206
4332,424251.21113737323
4333,496769.6757039197
4334,387334.20244039653
4335,250985.31059631836
4336,578387.549547809
4337,256215.34940549082
4338,222878.25463416168
4339,768437.8782552531
4340,281391.7012819878
4341,388544.68964559794
4342,812038.0617374997
4343,235074.00013151337
4344,525963.198256097
4345,1024216.8650841941
4346,345625.6314917377
4347,1486498.717474969
4348,1327488.4983808366
4349,717658.0615836161
4350,897845.1775106703
4351,548898.2083685796
4352,198056.42243598826
4353,726868.1308449467
4354,501995.2390175585
4355,349230.2510680973
4356,680926.1587141674
4357,346395.5358676796
4358,795726.8271855799
4359,185605.3384674159
4360,661920.7726254958
4361,154417.0125065133
4362,472138.2203241392
4363,390605.06475443847
4364,1148723.8888794915
4365,392210.7309070125
4366,171576.5086334195
4367,822544.7191871381
4368,465629.5835698022
4369,163588.24100337486
4370,246827.20875023314
4371,680171.0780106874
4372,1016787.7899069581
4373,903170.0595114585
4374,381156.6131349888
4375,1165452.8916386212
4376,419727.5649867459
4377,2299842.677026387
4378,255646.79003828965
4379,1017689.7533805777
4380,592287.4895046772
4381,564339.4062329256
4382,647265.3697003649
4383,669509.9020028517
4384,671975.4626039853
4385,421476.941726014
4386,792369.3134099408
4387,366095.5735682546
4388,268908.39607294946
4389,343800.93998444884
4390,2843365.925216566
4391,700380.8914901362
4392,363189.89159701014
4393,1243432.0100850444
4394,349055.6072283841
4395,601551.4594915723
4396,918499.6582105543
4397,1393893.8756868634
4398,628961.5702757512
4399,2264183.5957821645
4400,277494.4683532061
4401,893007.5971078773
4402,263839.7945173939
4403,385792.7470776273
4404,1420767.2400542249
4405,232647.26169437167
4406,403106.10971967096
4407,904372.5416539172
4408,822624.056460185
4409,719031.5873620133
4410,877020.5343419394
4411,1508525.9449848162
4412,773659.013348981
4413,498639.8602817527
4414,366831.3641370148
4415,1554911.4382667814
4416,486729.8193996807
4417,1492346.393441443
4418,583154.349596773
4419,1607266.0851568454
4420,781733.6767189668
4421,408876.14037815947
4422,126990.10926480663
4423,747705.3289887698
4424,721027.2749752582
4425,763775.2758291091
4426,408762.49811404926
4427,584877.9887220284
4428,756367.0285925143
4429,237408.03535124188
4430,154853.04204430548
4431,1363193.661659701
4432,263322.6025325883
4433,174102.6517647326
4434,828881.3174683959
4435,341767.06573605305
4436,520958.04391282273
4437,873730.0466105356
4438,205277.47986742825
4439,973489.4073590728
4440,1421427.945828609
4441,461930.47582158004
4442,556026.9820246605
4443,875801.9156258297
4444,503830.43171383487
4445,444814.44598923286
4446,358286.1289702765
4447,486440.5719568486
4448,293594.95028278703
4449,1050109.6315162885
4450,811334.483443846
4451,710765.2503929914
4452,187711.34957273552
4453,467359.7771794524
4454,480641.81256889296
4455,814430.2912381706
4456,445026.4556949493
4457,433713.9179075473
4458,488934.4708753647
4459,980237.2899069581
4460,213510.85869939462
4461,251693.85062966403
4462,584488.4311730341
4463,174035.09912998532
4464,1401778.0121287068
4465,486963.4084245081
4466,984693.4897399594
4467,188810.7619678602
4468,1193772.7118341369
4469,1173931.1707801684
4470,554233.1864453411
4471,824676.385285231
4472,1319948.8559648078
4473,957740.8148274103
4474,1162228.6587053472
4475,415439.0248916133
4476,547356.7722934084
4477,258059.84184962572
4478,402452.99242596823
4479,192966.0250370505
4480,195368.7811280034
4481,668772.7247896785
4482,1457231.2152395525
4483,855080.6477463547
4484,517081.16628015914
4485,705321.8113233516
4486,512507.38957909914
4487,639015.9332818047
4488,1638995.0165544034
4489,1502883.3122584627
4490,837613.2790527163
4491,264378.41201219097
4492,319606.5003225182
4493,748914.0337304894
4494,225875.9156779578
4495,606994.3004033504
4496,825612.0091130212
4497,630209.266956122
4498,829289.0602114917
4499,270734.5437618168
4500,604841.4618480788
4501,1105656.2339064577
4502,449469.38390600926
4503,571939.2325333772
4504,646349.8009452635
4505,627153.7642034849
4506,526990.006127764
4507,461252.6408312913
4508,846604.4133945929
4509,584144.3443509369
4510,839955.2472462949
4511,932450.8285577181
4512,752353.2033265793
4513,1364298.106657281
4514,663495.4235029807
4515,687447.8693479993
4516,674643.1415613724
4517,159365.61169178068
4518,443957.9422161856
4519,364863.90085973183
4520,601484.8842181889
4521,141905.4471115864
4522,466865.1590021612
4523,585311.0045152648
4524,1324903.2282851762
4525,1246002.143965465
4526,407585.84360114473
4527,886993.5501014561
4528,387369.16060344875
4529,220339.43759442255
4530,285791.8063411531
4531,764519.5253925143
4532,907779.375510178
4533,783790.2689296807
4534,711039.3016827458
4535,528751.795144714
4536,350189.10508957494
4537,634807.5483750341
4538,593793.1556592142
4539,243761.76718668558
4540,536858.5323101543
4541,1035811.0075048498
4542,523891.63833651156
4543,617893.2966238657
4544,206392.94450003863
4545,1253159.0403874083
4546,644955.473847808
4547,610744.9758414747
4548,511841.2888484758
4549,696232.3903894965
4550,701579.401933435
4551,699450.9294024438
4552,447064.5566965365
4553,464463.3300456888
4554,1482265.8132866053
4555,618204.3298330673
4556,187176.04930838157
4557,671572.1110561795
4558,417140.38279799407
4559,130382.36743133429
4560,639598.5603258867
4561,2157681.3026436656
4562,181065.457883648
4563,555316.3985363554
4564,287689.8773599831
4565,562451.2087785417
4566,399753.96684075956
4567,1051498.6473794458
4568,722686.6499842298
4569,1068947.1582646808
4570,198791.36528323725
4571,237408.03535124188
4572,1119128.784378868
4573,1327941.9557648078
4574,547433.0100183047
4575,919057.2656713757
4576,789055.5047369618
4577,1592470.4181718426
4578,154853.04204430548
4579,1956339.1052252504
4580,555513.7544038821
4581,298803.95399882644
4582,472261.4378763139
4583,422026.3556799354
4584,728777.4531910913
4585,525994.2399968817
4586,168262.1241820191
4587,580696.8901696618
4588,1588410.9554373648
4589,922588.0340602966
4590,1210847.9576874084
4591,880134.1890354851
4592,141763.92821289456
4593,576933.7288483735
4594,289688.57834067056
4595,1292323.1313200253
4596,760408.4161216514
4597,386152.5390215915
4598,824875.9973660648
4599,412554.02450676105
4600,1749463.7379770759
4601,678430.5610641562
4602,403261.4560352686
4603,368732.9008933639
4604,628401.790909719
4605,730361.6810634386
4606,1048374.4351707691
4607,1002114.6599293895
4608,350615.59829433926
4609,371138.27827255306
4610,905355.0842071535
4611,240264.05248907855
4612,703148.2777439599
4613,494847.0896752082
4614,257784.4392155625
4615,365305.89255265833
4616,427574.0360481976
4617,230199.2300405394
4618,751623.6280135626
4619,747975.748121379
4620,152182.74378857663
4621,317077.80840184184
4622,235760.052713699
4623,301984.6200739913
4624,1270152.531822598
4625,176496.93562474346
4626,548137.5671248983
4627,969454.695389474
4628,697442.6700447558
4629,771424.0907104647
4630,1060924.2413280047
4631,975476.7248666286
4632,1000933.9738591987
4633,926019.9807788589
4634,360183.64292316337
4635,461185.0755744644
4636,652677.927550331
4637,537734.0091679532
4638,150568.84706119174
4639,367781.3977459528
4640,613933.3375085983
4641,297006.4679475998
4642,394106.037471527
4643,489028.524056636
4644,1370161.0591427092
4645,1093166.1588607852
4646,714803.1327588478
4647,1009850.1960141624
4648,1774816.1553611655
4649,741763.080983616
4650,622065.165947048
4651,667630.6276755835
4652,836122.2118866439
4653,482866.114701001
4654,1091599.2983589252
4655,829790.5921652702
4656,1385735.873247121
4657,867292.080338459
4658,461464.52280033083
4659,132152.12958144193
4660,1256181.130859861
4661,401435.98286130826
4662,290178.3433134336
4663,1146064.675645885
4664,160752.74481453135
4665,793998.2142511632
4666,577715.5032913066
4667,766600.4872510255
4668,792660.985323871
4669,1041258.6771660091
4670,599672.39023962
4671,484010.5953069385
4672,329640.26267736393
4673,525622.0003679348
4674,832290.0215219128
4675,1241321.5333071002
4676,676320.4093716883
4677,550736.559902642
4678,474122.3274915311
4679,566668.9836697985
4680,801411.7300364245
4681,583834.7832046294
4682,557339.8857849829
4683,1554203.8548498175
4684,274284.2816014565
4685,1836049.7875885197
4686,668093.6488138961
4687,332005.9196908011
4688,882219.6228715464
4689,853644.2437882682
4690,1370915.1036843858
4691,207749.01605251132
4692,448094.1105108584
4693,532030.5194797983
4694,411183.52766560356
4695,671330.1297325161
4696,192978.35895235982
4697,226221.6148526431
4698,429763.4980545697
4699,537096.8033027332
4700,2496330.9677608623
4701,1074726.7406703269
4702,391090.6575507788
4703,448262.3825183423
4704,903397.6422109631
4705,351250.3851955188
4706,564377.2262436319
4707,433511.4191488236
4708,741957.9240997541
4709,594795.8846860604
4710,2326523.954160862
4711,594581.4154476519
4712,449651.23080995673
4713,338418.30373975955
4714,920197.3008311235
4715,482419.82551863266
4716,475930.387793465
4717,1252103.2632099327
4718,2167581.3039821647
4719,360596.7276587631
4720,612571.8535850545
4721,581561.755612639
4722,627033.1161706499
4723,262040.77488414783
4724,485065.7264569664
4725,839052.5191648875
4726,356249.9223970743
4727,956375.0086411742
4728,942351.679453175
4729,539910.595693114
4730,1022989.8803805776
4731,631563.4025794993
4732,321909.35795109044
4733,867715.8501419394
4734,408876.14037815947
4735,693333.013048198
4736,2174388.2635821644
4737,654214.3578958495
4738,513261.4006112995
4739,831183.4266707095
4740,165337.86856574862
4741,569298.0109083555
4742,720407.0544052275
4743,939510.2250624072
4744,892765.8021104202
4745,801343.0502073703
4746,258461.77449962118
4747,594516.480514671
4748,575408.37065517
4749,593096.7030270023
4750,946008.7960924762
4751,607631.8753444477
4752,436367.9829728479
4753,520595.4255042722
4754,571409.8731046596
4755,343690.2286192885
4756,265026.3292774076
4757,426291.7487263781
4758,367645.2408513803
4759,705648.9808067352
4760,668093.6488138961
4761,319438.85509194835
4762,777724.219970397
4763,1032404.479218638
4764,427354.17254495225
4765,500255.1235458841
4766,474931.9924456888
4767,2210852.0702399598
4768,366352.9462923198
4769,859160.9297882682
4770,231733.86771177093
4771,734145.829029961
4772,976197.5469679943
4773,537730.9865426497
4774,439345.26366730453
4775,1144123.6435628938
4776,372314.3191065197
4777,419789.43098674587
4778,317574.4009910506
4779,993313.7059085086
4780,803973.5661884476
4781,480516.6873824875
4782,864464.309838711
4783,868983.7961289171
4784,493020.6822585709
4785,155129.67390834025
4786,244314.8916248482
4787,2352407.916001212
4788,531256.3971438315
4789,880167.4424812288
4790,454626.2192151128
4791,778971.778383616
4792,761116.0232622101
4793,577394.925690731
4794,856647.516435355
4795,727212.9051762242
4796,728935.9003336316
4797,747356.473693936
4798,770884.8323725582
4799,837198.0362778828
4800,520220.6088675145
4801,814450.2713652703
4802,765880.7306350734
4803,450963.68443226547
4804,981557.8724319357
4805,1059027.4655738722
4806,743690.2232960488
4807,627322.6134472426
4808,646008.1252146019
4809,884164.6633079444
4810,582554.9175095882
4811,885802.4796463749
4812,970368.5871567274
4813,414055.43609379133
4814,878257.3823410196
4815,442863.51141278044
4816,431926.5525914743
4817,525503.755263661
4818,916150.9550287861
4819,1248979.0040480045
4820,556223.2566296336
4821,519803.83745839476
4822,470461.978823806
4823,293936.0606122476
4824,875030.0815383137
4825,394269.6420105649
4826,629396.6443034845
4827,799885.3035504498
4828,534758.1897958134
4829,329444.5818405332
4830,415215.37579013105
4831,490308.5173603343
4832,122354.1705794081
4833,522387.4616874084
4834,598725.532002944
4835,573872.9148253667
4836,835873.7466314978
4837,2692009.847801721
4838,703120.8381210188
4839,880126.5035347262
4840,469319.4433885396
4841,814700.5586743215
4842,383537.1442282371
4843,432487.36879427405
4844,507654.95532513416
4845,417971.39268273395
4846,882219.6228715464
4847,589563.6691124192
4848,1478446.7311913804
4849,843140.717109847
4850,297993.5507500706
4851,474047.13710798125
4852,234900.83562929562
4853,648769.4239432181
4854,464169.80953175493
4855,375864.6646728159
4856,726720.6783539572
4857,769665.7706312339
4858,162977.10929933024
4859,1024213.4119449921
4860,1103070.827647227
4861,692531.5038086384
4862,386317.781391386
4863,1795851.281455422
4864,436517.44842144
4865,445189.1491782757
4866,752119.573983616
4867,759158.2733178011
4868,255143.26698870418
4869,662958.1731574896
4870,1177598.1367499672
4871,1922024.1544424365
4872,1422003.5136395525
4873,625032.898838523
4874,394940.10370920476
4875,701579.401933435
4876,429808.12988972256
4877,364171.8155489956
4878,1036384.6689280047
4879,303358.5117831972
4880,619460.1098947892
4881,738731.5401371609
4882,786278.2477294417
4883,259658.8611621844
4884,1531879.549869026
4885,1045362.425854538
4886,936072.2184288335
4887,515995.4044121881
4888,887519.1238381707
4889,211295.5409842501
4890,487248.0601155638
4891,459482.9836113799
4892,175238.20102919432
4893,141763.92821289456
4894,567930.0747008573
4895,424159.0435527736
4896,1701801.7563323546
4897,1332510.8792504554
4898,131420.13067016006
4899,606595.7574468954
4900,355639.8656524845
4901,291435.06918989366
4902,489531.0150867291
4903,281573.6141443833
4904,453217.98732772697
4905,230834.1134787602
4906,960553.0943842293
4907,175807.54762787343
4908,700081.2484481196
4909,1058468.692206282
4910,426573.32591185335
4911,965697.5453508937
4912,1586326.5970816892
4913,970524.6206879867
4914,1156751.0672405309
4915,1136967.6238426345
4916,626238.8754601091
4917,855330.6820451111
4918,1855445.0699865618
4919,1462364.7943129048
4920,173508.5092397617
4921,241678.514479139
4922,733535.278490284
4923,459694.3933193542
4924,882971.0145175144
4925,409019.7049023112
4926,452344.0561107991
4927,445268.71903780435
4928,844289.0641689152
4929,789777.7083647026
4930,484601.25860136125
4931,271455.3433460154
4932,680125.4450729915
4933,308439.989359216
4934,188386.2754050004
4935,585912.2161105692
4936,827977.5250606166
4937,1901006.1717278603
4938,280883.10625168926
4939,358116.42167786974
4940,1064743.4047840578
4941,438121.60562395444
4942,836461.3906253006
4943,1124895.6351633605
4944,244050.71110265603
4945,165775.65355742318
4946,281721.3177797003
4947,1065005.9403806257
4948,846231.8338746128
4949,134174.09883144192
4950,654273.4668274339
4951,713786.2991446601
4952,1140379.426742904
4953,827678.8556368068
4954,229687.86546085234
4955,1931620.970485325
4956,258076.95949822274
4957,448361.6747401164
4958,1530106.8726995268
4959,342691.2863620107
4960,476619.2709211866
4961,515175.8960247531
4962,255113.71685375713
4963,408377.3231849805
4964,586551.7685915651
4965,533443.0980014112
4966,571524.6413601973
4967,1043970.2655069581
4968,708155.8314197848
4969,1197668.5124241745
4970,390737.34073720395
4971,783619.8206129088
4972,1096333.9501023642
4973,722686.6499842298
4974,294011.58589881635
4975,449679.8212231402
4976,261026.2800420671
4977,214127.70971454433
4978,1244961.595073364
4979,1171267.6918176715
4980,965667.2133305747
4981,750014.1252055448
4982,262976.38125656976
4983,878104.6790710047
4984,422389.2200593662
4985,597832.2272716787
4986,577972.7846861441
4987,477879.0253062793
4988,569580.2872829337
4989,890807.3402614384
4990,721205.1138798173
4991,255661.68710324852
4992,606918.6657105748
4993,283054.05067892873
4994,648292.5023109417
4995,226058.2816149626
4996,1798823.5122356135
4997,750014.1252055448
4998,353187.50928758876
4999,351578.559940068
5000,587134.9144902186
5001,154560.98643426746
5002,454302.3586094606
5003,1176591.0231648078
5004,381865.3930802423
5005,955201.6539411889
5006,416469.4388793753
5007,361374.0066203517
5008,902801.001778859
5009,1283625.5507238656
5010,1339546.525789772
5011,1356232.490513249
5012,374685.4097440004
5013,1120082.574260785
5014,610162.083958167
5015,1164843.8469515517
5016,457683.46004903974
5017,1118590.452410789
5018,576010.421637684
5019,469925.3963175642
5020,351954.3317050371
5021,170336.76290923607
5022,431231.2815918696
5023,337396.38584086334
5024,329245.06288867124
5025,824689.1404389605
5026,240264.05248907855
5027,261026.2800420671
5028,318240.91700187506
5029,525908.9317433159
5030,999404.3818760011
5031,902546.7611143978
5032,579715.5695101781
5033,354910.85754932277
5034,875519.3119026956
5035,926882.932111406
5036,200521.9265773798
5037,749937.0936543269
5038,688027.3234079771
5039,745438.1221585429
5040,435205.10626584187
5041,412221.16447880474
5042,377900.9016354985
5043,520133.6135418596
5044,591830.1282870152
5045,343099.5738039357
5046,605264.1977157289
5047,435529.79487390205
5048,914643.5464941764
5049,810839.2912381706
5050,327863.3736868566
5051,315633.95434879157
5052,417060.75775252515
5053,441102.7747034248
5054,407888.0537604516
5055,733889.9749721676
5056,195957.40176052265
5057,417815.0757074086
5058,464853.16099292645
5059,671330.1297325161
5060,248387.28899223846
5061,619254.4612471068
5062,628960.2862072691
5063,488128.74599330977
5064,478785.62081110425
5065,420228.93567304604
5066,583455.4118078335
5067,872825.825612312
5068,260613.02609527754
5069,450126.92586856015
5070,413888.013864407
5071,561428.270363661
5072,908047.2180698076
5073,327163.6322509993
5074,283003.6063929067
5075,699010.7961151961
5076,1119470.4299019726
5077,386088.8829643612
5078,809701.5096473913
5079,872228.2710688836
5080,492296.89309002744
5081,642641.0814041289
5082,683117.642005074
5083,755504.9327042042
5084,663322.6181981997
5085,676714.9969413094
5086,677398.5074393959
5087,373443.283924063
5088,451052.0004763295
5089,860023.5290749897
5090,413122.7671753087
5091,698494.2057069445
5092,414972.85441516904
5093,417024.9601259206
5094,293172.71206909866
5095,321834.40258115553
5096,445836.18208274385
5097,1091031.1714313235
5098,603892.2726625208
5099,178834.0586334195
5100,255729.55480012443
5101,648327.9735517101
5102,466611.9287825461
5103,862400.4806728924
5104,902052.0887793761
5105,652022.7130456244
5106,194564.51680934735
5107,1558524.933052046
5108,478426.9235128927
5109,493586.5534992488
5110,458063.16178069415
5111,395045.05912010744
5112,567033.738542778
5113,418581.963114097
5114,868159.4917010771
5115,420605.2759334857
5116,598018.6807052909
5117,978313.6685689506
5118,165450.1124720065
5119,437673.74773327576
5120,346395.5358676796
5121,1845559.6591468384
5122,613345.7422557015
5123,255447.07852489263
5124,636074.5303539321
5125,1585674.031881689
5126,1047470.869364943
5127,923401.8011703038
5128,650542.8403305158
5129,658342.4544207557
5130,1023040.8543499534
5131,1262573.623830652
5132,563572.7524823238
5133,324224.46459254995
5134,929704.0876625518
5135,1103524.954148711
5136,678375.1423771764
5137,689287.3627453597
5138,942657.6205069581
5139,528614.4166352156
5140,735820.2694447313
5141,1579988.3678889708
5142,620590.2933970224
5143,710037.3205170223
5144,510989.10219633335
5145,1144242.6435628938
5146,303411.9788865714
5147,717105.6587599332
5148,870003.8119701871
5149,880123.0201562953
5150,498364.1319485252
5151,673090.9827386463
5152,1703914.1831712117
5153,439470.80027886055
5154,245785.66554971918
5155,928615.5176445558
5156,739933.0736076415
5157,769737.2262622097
5158,217163.32839205096
5159,769950.9155574826
5160,862563.3103260011
5161,396095.8923300293
5162,190445.06377644997
5163,707175.7574032742
5164,933199.7541739761
5165,477922.37615540583
5166,415795.1720698101
5167,457925.60339673987
5168,431187.864595482
5169,664250.2556133554
5170,1181172.485877661
5171,584938.5459363407
5172,321566.42745556595
5173,567763.6574209309
5174,613343.8440855807
5175,2076435.8407954706
5176,493591.18881041545
5177,851976.3622062353
5178,961054.2310371953
5179,567755.7196557231
5180,766869.2297007098
5181,1844848.1861875504
5182,807030.6615205642
5183,766456.7980980185
5184,949774.1989895101
5185,920347.2532101043
5186,433452.9492041676
5187,1373040.7021301608
5188,611734.3513043962
5189,564693.641950002
5190,577874.9677333877
5191,484674.60223723867
5192,304350.76657259895
5193,572376.401756458
5194,238109.96119461866
5195,615753.5050065127
5196,207240.3728107756
5197,202309.56715395596
5198,176250.68213078615
5199,799779.2961975619
5200,867449.8566182635
5201,370668.4885725958
5202,1767705.9606708349
5203,454075.01028499
5204,1186685.0447544567
5205,398059.12601595337
5206,1606251.4164474201
5207,464682.0475503155
5208,379964.096590987
5209,952604.552184592
5210,418364.80490799114
5211,852858.3642943808
5212,170336.76290923607
5213,687410.6534244594
5214,594434.7381424576
5215,922030.6252047147
5216,574696.2506583534
5217,436106.6316653262
5218,2318024.926628042
5219,800650.8023522024
5220,404321.3093794474
5221,1558141.0163747552
5222,544147.3924130786
5223,523097.29684756603
5224,608899.2478789103
5225,469418.1542847543
5226,596885.9241456232
5227,709580.219783616
5228,154560.98643426746
5229,1234352.127215939
5230,480863.23740489513
5231,767277.5218997542
5232,2039733.2997843837
5233,1063707.225148711
5234,1569396.0854500872
5235,684860.3764504633
5236,484076.7881993356
5237,648866.2984512371
5238,673395.2880039333
5239,887651.0880058777
5240,1406662.1835986422
5241,3231129.781022093
5242,459529.65573559183
5243,937212.027655058
5244,410137.22992220474
5245,705350.4403831663
5246,969243.5979814823
5247,507694.40497062664
5248,793069.894099754
5249,571758.6056420481
5250,263078.9125935273
5251,160521.33374999365
5252,405430.94277054333
5253,414377.5198898096
5254,522641.3202060894
5255,423242.52700165944
5256,869047.7632672498
5257,539552.8971815595
5258,651246.0125201171
5259,268013.4849031233
5260,887377.3666271698
5261,1575498.072073773
5262,476614.8090997678
5263,299810.7324669537
5264,1088687.4909053615
5265,687165.3582254208
5266,289065.3994926911
5267,374216.56862552505
5268,843894.4629291655
5269,914647.0245702491
5270,468268.9128613612
5271,502125.53133432055
5272,450616.56757066405
5273,1048434.8314310062
5274,240232.25810425673
5275,514989.39730157726
5276,284684.0846808834
5277,199862.44231525486
5278,1271980.5680301466
5279,651270.9271272077
5280,426273.69919535983
5281,776919.0684350734
5282,980905.6294672872
5283,431560.319896566
5284,181790.10572098455
5285,1893903.2493875686
5286,276667.47151014983
5287,972063.5626157275
5288,519999.22866001975
5289,253603.85176882043
5290,700531.9731948954
5291,926654.4892668792
5292,527659.2970762512
5293,594953.2098942779
5294,748639.9433166875
5295,365938.8990139012
5296,1207222.5259250926
5297,1047745.7210528537
5298,542724.5709773795
5299,1089410.371444201
5300,495456.54666083254
5301,314628.31161317066
5302,1050139.3097437215
5303,308878.14620444673
5304,855075.9215082149
5305,165450.1124720065
5306,639225.677658573
5307,2450546.2422017213
5308,406180.79729709076
5309,701477.334783616
5310,420778.0323714239
5311,399059.39100375184
5312,1029859.1869059494
5313,460585.20167464955
5314,1509228.5805661909
5315,211511.43310234428
5316,384877.4639565291
5317,493871.4691969354
5318,211863.60329498016
5319,500775.3802123998
5320,493572.7906293132
5321,474904.20195902104
5322,629230.7583608889
5323,234380.79099992735
5324,662252.1136033395
5325,919351.8860116045
5326,320920.9747248518
5327,387903.69104011904
5328,637880.4735485294
5329,378705.4573218302
5330,829043.0971585253
5331,141763.92821289456
5332,596336.221945348
5333,920811.8820712281
5334,327329.4906797646
5335,1287583.4289920917
5336,193092.15178778107
5337,1095431.2139960683
5338,911763.1191627451
5339,1162369.732114882
5340,616058.5922998
5341,980404.6942391053
5342,704045.9619062222
5343,147074.32106119176
5344,718556.7082826165
5345,250104.61691661918
5346,542765.5946448758
5347,167250.42237187224
5348,673172.6455820608
5349,786742.7783099372
5350,666056.1856244935
5351,841000.5990332945
5352,462290.7256855975
5353,1006959.5108373798
5354,281801.55868985836
5355,577455.2359434877
5356,502803.7250706623
5357,1058077.6100513083
5358,615993.0335687096
5359,573660.4725214568
5360,237942.25846576164
5361,281218.94944814447
5362,445940.37547188485
5363,558061.9331045718
5364,521286.53373468545
5365,731240.938933616
5366,2254849.3738940577
5367,774746.1047831
5368,498332.93456721836
5369,367925.99125142186
5370,564585.2253560175
5371,2347968.3655019673
5372,799133.7042826479
5373,541113.8884833894
5374,1194307.613648191
5375,203390.36135239777
5376,877358.8936549247
5377,316378.52258018265
5378,200161.42037483313
5379,419758.49798674585
5380,390718.45415568026
5381,386181.58762254706
5382,1204459.4386398094
5383,625612.9598027356
5384,753617.9282484539
5385,1226004.9981594672
5386,456744.89288222266
5387,604575.0610372993
5388,1073541.16185667
5389,695493.920552774
5390,516705.36333577224
5391,592549.1124712477
5392,283886.8135889515
5393,331584.2602061316
5394,452437.899472014
5395,412329.8659887981
5396,1399130.5285843073
5397,1826827.3299936233
5398,668913.8556291997
5399,229687.86546085234
5400,233345.00154418018
5401,638189.990530856
5402,1189795.446451919
5403,749702.5663733792
5404,381226.4658965139
5405,865092.742255501
5406,342316.7301626712
5407,700081.2484481196
5408,907591.4722611972
5409,709700.8904357355
5410,962706.5392701842
5411,1215478.9283970895
5412,816440.8712850114
5413,906380.5362320662
5414,1008435.180086076
5415,975383.8106860761
5416,1161040.2157041095
5417,992152.4420081283
5418,165450.1124720065
5419,1186016.8447360354
5420,234244.30375387924
5421,763581.9731366171
5422,860783.4975270302
5423,923326.9000962195
5424,916425.8367305321
5425,507103.93216086266
5426,777319.559983616
5427,745490.6195014985
5428,915974.5729312242
5429,1939263.3948252504
5430,641027.8393336668
5431,555693.6830299518
5432,737523.313086062
5433,293245.9186616418
5434,1730425.493577076
5435,204157.89275248133
5436,369833.74629454664
5437,154417.0125065133
5438,1259261.5236583678
5439,376289.26200181484
5440,174810.24949958734
5441,823048.1899881731
5442,288941.95987209026
5443,546661.3570718974
5444,522865.39759231283
5445,348321.7196436063
5446,1063914.8873740241
5447,862609.3073876656
5448,1496562.5361869575
5449,584259.4860341237
5450,198791.36528323725
5451,416354.3588698057
5452,456209.02730818663
5453,406362.3745608185
5454,483430.09900483856
5455,594833.1219548644
5456,526757.8689546888
5457,338842.8942353183
5458,1567181.953251244
5459,995607.8323013661
5460,395926.62681141694
5461,382168.8974957421
5462,692954.3090630434
5463,311584.8303819537
5464,807090.1254793196
5465,1242397.7678492311
5466,617098.2208345651
5467,675966.2361515923
5468,1008544.8724377626
5469,914475.4037467173
5470,1704139.3572424364
5471,646696.1930194638
5472,554878.2868616296
5473,674974.9968878786
5474,363057.3032612605
5475,460794.2660488974
5476,579501.7669086145
5477,642584.9498562426
5478,1176524.1998112027
5479,447222.6263769816
5480,371667.7657171419
5481,785911.8050029702
5482,1408369.439380218
5483,374730.3337775205
5484,678649.9075369366
5485,600284.5932556721
5486,432580.21333061875
5487,669763.7870416887
5488,963885.6170965899
5489,781980.4412502516
5490,918734.2054587111
5491,281218.94944814447
5492,407205.6758444186
5493,583154.349596773
5494,467014.4161320739
5495,815013.0464753583
5496,464277.0222732401
5497,365889.27479573817
5498,767792.9582378869
5499,205277.47986742825
5500,1755315.8047788187
5501,389403.40054986975
5502,587937.0970273557
5503,678430.5610641562
5504,193092.15178778107
5505,899949.7492801453
5506,158571.40406542434
5507,418004.934283749
5508,181233.43566378264
5509,481098.6388140004
5510,837842.3670024958
5511,852793.9765991155
5512,809429.679983616
5513,777776.4939213789
5514,250586.12518688047
5515,835485.3631882682
5516,475532.7002817673
5517,728885.8021520594
5518,252893.58334532654
5519,1333418.932324666
5520,245895.60812604896
5521,183544.5913096721
5522,548838.3424542602
5523,763305.6606746194
5524,836615.3977955017
5525,835447.4754822203
5526,777108.7540799283
5527,193156.977356254
5528,590281.0351757286
5529,795822.02718558
5530,1031230.7169832962
5531,740876.2975341652
5532,267788.597643111
5533,773297.9013707902
5534,2585651.527474733
5535,599924.068626483
5536,708784.1043698344
5537,600550.1156273904
5538,1825078.0068708349
5539,567172.6121280065
5540,238547.21105528317
5541,807999.6676229949
5542,345458.4611068962
5543,372403.4917059992
5544,1577701.0598710682
5545,292296.2652878643
5546,1138644.3869180814
5547,344960.060517309
5548,298803.95399882644
5549,549576.5807069857
5550,930178.3723855355
5551,597626.5526845753
5552,501986.8322988536
5553,430357.49720556836
5554,220565.7777806925
5555,509011.6943871062
5556,824013.2421350626
5557,570226.7833473783
5558,255312.83585539955
5559,433725.1453916454
5560,281721.3177797003
5561,1040140.2157628089
5562,863904.0266979556
5563,700827.1782426462
5564,423320.8132831876
5565,1039905.479950114
5566,1281914.8945071
5567,1081285.355199886
5568,1841717.9125422952
5569,509669.8774580627
5570,1209548.5333071002
5571,529771.8521075859
5572,341681.0390630537
5573,352018.9994017479
5574,779801.6538677063
5575,351250.3851955188
5576,749937.0936543269
5577,741917.2797093097
5578,540774.56100223
5579,597852.1601683189
5580,638272.7875872907
5581,648291.003617759
5582,876753.8184956082
5583,538886.1007060116
5584,773245.6608375376
5585,1316530.2256666773
5586,788719.4374350733
5587,938164.3098424535
5588,494819.9902839644
5589,931012.7167257156
5590,917412.8661788589
5591,323545.92634814396
5592,628401.790909719
5593,894052.1785359371
5594,466956.9337014327
5595,300489.5609864972
5596,2320300.4733821647
5597,763991.3193212352
5598,1153539.966379626
5599,1119452.0565139323
5600,303358.5117831972
5601,480800.98016683955
5602,812747.4273655267
5603,567591.8886812814
5604,457609.96968449524
5605,387871.32198772207
5606,474660.56030455034
5607,942351.679453175
5608,1583225.7555907036
5609,164174.53831689028
5610,394503.5827754022
5611,838463.6607652702
5612,710486.9643761441
5613,888118.1090282376
5614,1166839.2579704956
5615,283299.7893165074
5616,313154.60054227576
5617,896400.356446375
5618,541020.1866288888
5619,705357.4237992762
5620,1023500.250455727
5621,457627.201468079
5622,521778.479660328
5623,790788.663033671
5624,406965.3102146939
5625,528043.0734362049
5626,1014840.2129805776
5627,537323.1357616261
5628,706843.1600853179
5629,354268.36078556033
5630,393000.34336844983
5631,588953.7317476226
5632,627947.7785416496
5633,407318.7207463945
5634,708939.6997340102
5635,2317790.10252054
5636,465702.87732587254
5637,448171.02710754954
5638,1308178.2070450126
5639,247930.28177854652
5640,569249.8845884105
5641,241011.2208430014
5642,846403.7465706747
5643,236873.34607912722
5644,651583.7801773744
5645,501781.041644778
5646,302716.0142616418
5647,282907.2264342859
5648,966189.5031353417
5649,1099765.3808496504
5650,1299292.7117337
5651,494795.34789428994
5652,1634390.2504395526
5653,204157.89275248133
5654,532947.0417822559
5655,742277.9965101697
5656,623090.4389923587
5657,748940.7169595866
5658,1049779.3079920937
5659,1311582.872493759
5660,217529.55135437232
5661,854324.2947635447
5662,436909.88570894697
5663,594011.2981025986
5664,616508.1041990812
5665,439050.9020568146
5666,716317.9096178437
5667,231018.63190376176
5668,1530857.9242081293
5669,1629112.6866424363
5670,313999.58887142484
5671,812968.6912381706
5672,1298156.5146426344
5673,509278.9779762673
5674,392947.0466488459
5675,1071104.3091811365
5676,293936.0606122476
5677,626271.7836825731
5678,521688.58142320474
5679,718538.9684171088
5680,1160905.1472348364
5681,200414.76521104135
5682,513656.56782462006
5683,185901.9609694625
5684,696181.373796725
5685,1650174.4676829686
5686,755196.770686902
5687,520670.3480460154
5688,807457.2725248359
5689,441809.8805356081
5690,224546.42058640596
5691,520555.0092215183
5692,287689.8773599831
5693,236254.97965210717
5694,1079342.0793487108
5695,2297571.1073539425
5696,712091.9246032742
5697,350374.40246020287
5698,1280586.562734612
5699,1181172.485877661
5700,380407.51804789394
5701,399578.03919961356
5702,968737.9315788589
5703,685127.5317922173
5704,281391.7012819878
5705,775017.0845170643
5706,289690.71153384884
5707,754223.6158515199
5708,1077941.7950199323
5709,397202.30232442083
5710,329558.4402405057
5711,582640.1593621866
5712,408132.96648717095
5713,806795.713426062
5714,631261.8545880436
5715,773297.9013707902
5716,1221558.4184400025
5717,852965.9381221563
5718,536392.8119395607
5719,549095.3799248984
5720,634910.5240798548
5721,310842.4663633475
5722,643440.6407737
5723,481713.87166788225
5724,209928.33764348298
5725,563057.8583455218
5726,749517.8221845994
5727,517742.9583711584
5728,401355.27254165534
5729,540210.471240391
5730,511371.3523053401
5731,724022.6282268505
5732,751428.57346221
5733,1001168.1694654019
5734,250299.28032370095
5735,762698.3340999465
5736,305603.31424427446
5737,547441.2512806193
5738,179192.8723911381
5739,838161.6116489638
5740,1091734.8909785808
5741,314731.47960261645
5742,1146198.4291845018
5743,530393.409571301
5744,558280.3505671383
5745,829233.8219803125
5746,768480.0935355675
5747,472583.98161178164
5748,350053.7355039113
5749,408876.14037815947
5750,528751.795144714
5751,1227286.0809024195
5752,605796.1492749989
5753,752363.2920668027
5754,609202.3183788133
5755,287689.8773599831
5756,888463.4427551322
5757,499992.5218021056
5758,674229.1271951301
5759,342720.9774123432
5760,686111.5443990813
5761,923069.061387589
5762,902299.7012213201
5763,603182.4777881213
5764,253470.23354107724
5765,879199.8080693812
5766,383333.76851159596
5767,793143.5053570217
5768,781051.948107305
5769,680569.4962480008
5770,677783.3565032561
5771,145791.76020534325
5772,815246.8419607631
5773,149457.48162566443
5774,928108.1030266776
5775,225847.71315414287
5776,533583.3584061576
5777,863925.5750198597
5778,1680864.258443413
5779,583521.2142375422
5780,433669.54245762876
5781,281195.715190647
5782,205277.47986742825
5783,1517615.5813991663
5784,372647.4713963205
5785,110327.70773253661
5786,485626.15003066894
5787,311045.16916332935
5788,450503.7164023305
5789,770884.8323725582
5790,211637.58092581338
5791,707193.9244472171
5792,1225630.852195506
5793,326185.1313586067
5794,432090.8629182414
5795,561199.4894859254
5796,792660.985323871
5797,1147184.696137818
5798,350053.7355039113
5799,508971.1641161863
5800,395788.29194244737
5801,601675.9133294902
5802,710401.7815047696
5803,1265836.4555514718
5804,582789.4365254232
5805,346031.96350511594
5806,407780.0347096313
5807,235981.3144667029
5808,782126.7680706994
5809,473686.5936431379
5810,468822.9375654575
5811,402124.29537125694
5812,694454.4376000223
5813,638955.2663305647
5814,349173.8603657991
5815,473469.17364313785
5816,391995.0001639437
5817,1040312.485233225
5818,524251.32191514125
5819,1534837.2526596526
5820,745390.5439312011
5821,819603.0524106965
5822,1376578.6374009757
5823,700081.2484481196
5824,3250384.083222093
5825,287367.1958061017
5826,761879.435983616
5827,609686.0842181889
5828,687796.5848853601
5829,697775.2629943417
5830,241346.3776906964
5831,657221.5529149445
5832,765482.3286555058
5833,1331689.9337745153
5834,408876.14037815947
5835,498053.6619466562
5836,819109.0715558614
5837,406372.68178622704
5838,542833.9249451727
5839,522214.07219276007
5840,275759.54942559253
5841,238739.3097543824
5842,239961.73793898933
5843,682671.3609014986
5844,583625.2022632381
5845,818543.0069947283
5846,175238.20102919432
5847,407626.0640844699
5848,313817.4127661835
5849,569042.5065587817
5850,881275.5044122228
5851,656539.1617013542
5852,902052.0887793761
5853,183969.4781978701
5854,271000.07986134425
5855,854503.6281302898
5856,616401.6781732969
5857,792660.985323871
5858,968922.8934078092
5859,1000861.7125315898
5860,957922.0205600394
5861,531886.7956242587
5862,1319989.3621786362
5863,355271.6471881816
5864,706894.0452295166
5865,234127.55397859385
5866,899885.1887596161
5867,551125.2619575216
5868,188982.11081137558
5869,428039.8810149697
5870,565978.5182673032
5871,259030.78499151205
5872,732926.8252643042
5873,1565203.0996756102
5874,269111.8623230096
5875,326620.4617735869
5876,559613.981869669
5877,501902.80376600416
5878,1212161.5951224756
5879,358317.27162498963
5880,202309.56715395596
5881,416285.8736627266
5882,1332791.589197997
5883,456334.9990641263
5884,942618.1588470936
5885,830382.1010691787
5886,434179.2343961745
5887,680412.2172032224
5888,1265044.4670862614
5889,502724.98159819446
5890,495044.7014585474
5891,445602.0707442602
5892,1030880.2279948045
5893,445573.5415130232
5894,448803.5390508949
5895,645925.590745393
5896,372081.7077275712
5897,664273.9879237046
5898,147134.64706119176
5899,474119.4841283427
5900,1266066.1082850443
5901,281467.3346086036
5902,403784.54555533716
5903,175238.20102919432
5904,501191.88941930217
5905,716140.9124819589
5906,1277522.928114368
5907,1175955.7852746162
5908,196135.1859005738
5909,721137.6835845204
5910,243986.35480012442
5911,518693.7151711584
5912,436147.1604684114
5913,258076.95949822274
5914,682657.3071262785
5915,485678.0113837525
5916,1173578.5576642342
5917,1567006.6190422066
5918,592504.0673215074
5919,725733.9205972393
5920,756217.075406202
5921,1865370.4874038731
5922,568198.9907002226
5923,558538.9861514315
5924,207017.7341542516
5925,409092.21450795326
5926,1293478.0887253855
5927,420098.22782864753
5928,1249496.1333071
5929,588257.1170465795
5930,484674.60223723867
5931,314770.21997732035
5932,921329.618389572
5933,768053.1123595866
5934,370284.51177680126
5935,1206864.9616193247
5936,220471.83782834414
5937,588861.4709974902
5938,615274.7478120681
5939,614175.7715903604
5940,181611.47142304137
5941,892652.4162333214
5942,504797.207802864
5943,3402301.1730220933
5944,547485.6454050785
5945,187780.5049995574
5946,928285.8999121923
5947,545055.1779309937
5948,441532.50992650655
5949,729103.617262701
5950,290623.6806477366
5951,180602.2053216168
5952,1118659.0163931178
5953,1872547.303896043
5954,859107.3999795968
5955,1174541.382329874
5956,445202.65369497484
5957,1054653.5808587736
5958,377792.6968010376
5959,716823.3393420542
5960,1263468.3433071
5961,346550.746499348
5962,1137350.4380414274
5963,527546.1554508964
5964,254446.64300299736
5965,617440.4749060068
5966,587560.3572736775
5967,1050984.7522031306
5968,559667.7726306062
5969,607779.5260122622
5970,662540.111178292
5971,176512.49977412564
5972,1531682.2818592237
5973,175807.54762787343
5974,308412.34031342284
5975,882219.6228715464
5976,298962.2158466956
5977,2434510.1793608624
5978,286931.5976255673
5979,174102.6517647326
5980,413428.35423490696
5981,852595.434913997
5982,1564362.588466077
5983,388942.07814469934
5984,1086987.5202180203
5985,174035.09912998532
5986,475236.68484644545
5987,943505.0954028128
5988,969211.3014497112
5989,348245.07702996716
5990,413107.4182880966
5991,2542071.1291680844
5992,493482.0678510462
5993,505371.81007461867
5994,240136.43155782024
5995,800230.1985247864
5996,906939.9033905222
5997,464973.5779673567
5998,317659.8019295682
5999,903665.9071824083
6000,632344.6743058038
6001,1817060.863470835
6002,386077.34342264215
6003,432114.9540617938
6004,511197.09751415136
6005,1074748.9230888442
6006,246509.420089431
6007,302841.9031056797
6008,362156.50415924215
6009,486839.04938951344
6010,604647.2866731399
6011,1203748.0322096844
6012,872298.0911853113
6013,1023041.2925779619
6014,1838282.1254038732
6015,794919.358570871
6016,1097974.7866654114
6017,786993.913267073
6018,456532.9989785908
6019,839361.5721610412
6020,454650.11958405905
6021,715695.6311935929
6022,420382.4102610378
6023,1337522.7534439578
6024,570161.8628539728
6025,801343.0502073703
6026,756831.2006997541
6027,998345.1565498947
6028,629015.9073977344
6029,673261.1879742708
6030,820602.3123520925
6031,549929.4909700108
6032,523001.2172558681
6033,294871.6523690919
6034,255940.81227298023
6035,437347.620774135
6036,712264.9002354518
6037,749903.3490053384
6038,459944.7989785909
6039,836740.433394593
6040,554818.780157624
6041,893045.9943446928
6042,607159.7371871864
6043,145730.64824448776
6044,435804.2172919931
6045,1131765.112523674
6046,615683.048947048
6047,483192.5380200406
6048,184322.6794356499
6049,760311.9467595866
6050,385522.76683028095
6051,372519.3129212805
6052,199402.90023680945
6053,545417.6657090547
6054,454602.19235699135
6055,1034830.9951280047
6056,184421.69521500077
6057,243476.47802744783
6058,403330.73368544003
6059,499636.5149932663
6060,813678.2173846399
6061,701541.7680056588
6062,966938.2939012782
6063,638195.3393262639
6064,414864.1731177981
6065,308746.19209089526
6066,901334.4101315729
6067,503020.90995224967
6068,1651433.0588424364
6069,894007.2440354852
6070,671100.5572525956
6071,912782.8405702491
6072,2239681.689168132
6073,450678.1940732448
6074,1463848.3159593153
6075,630130.460230175
6076,1253766.7104974934
6077,1149475.8785487402
6078,722754.8658921706
6079,333052.9065949698
6080,165337.86856574862
6081,308717.17355386086
6082,1304235.339723344
6083,976937.5204557294
6084,852129.101481873
6085,389813.0855954525
6086,573484.7742762959
6087,562643.2307282574
6088,300463.8912431284
6089,902252.0330175248
6090,596976.3229968953
6091,795924.847002713
6092,856397.1333356961
6093,1633797.8586786774
6094,711828.4198490088
6095,1804744.8814708348
6096,212450.77880356635
6097,300755.52280647896
6098,478265.7344763927
6099,682280.9706000317
6100,841483.8732220815
6101,266430.4552095113
6102,165567.3005575371
6103,353734.0992438352
6104,261026.2800420671
6105,338718.1288896462
6106,701328.4974783913
6107,610044.6636270487
6108,1205258.7594241744
6109,384160.1329820963
6110,1788551.8566098388
6111,421154.9354959952
6112,624958.1483092556
6113,582861.0161440969
6114,800908.5145218328
6115,694372.2221185209
6116,498214.9751936037
6117,763991.3193212352
6118,828381.733757095
6119,546848.4314148647
6120,485329.7263612009
6121,888864.9957133286
6122,637067.532972117
6123,592465.6879908994
6124,663341.5416336117
6125,415187.5761632043
6126,261992.07046183836
6127,347936.46090039477
6128,770884.8323725582
6129,246486.70653899116
6130,232955.76659235888
6131,356143.7260130022
6132,602701.6590660667
6133,526901.3303455093
6134,448206.2212970659
6135,722111.6988491925
6136,763425.2005165328
6137,334415.87619978667
6138,197257.68417064275
6139,638781.4461990813
6140,1210143.5333071002
6141,448647.2212970659
6142,515024.1909644896
6143,438681.8681282321
6144,771024.7185375608
6145,475994.02444381354
6146,384181.6335705713
6147,625129.6506465294
6148,550692.5589429254
6149,368296.83818446874
6150,546223.0953650945
6151,645016.6427386054
6152,441739.4013415433
6153,525881.7089860896
6154,603160.4379006977
6155,1115213.6335837427
6156,451092.01329756726
6157,262976.38125656976
6158,1113046.989009294
6159,462363.5962653628
6160,317352.18431058276
6161,695635.421499124
6162,791587.3822350734
6163,371947.9246237775
6164,783997.3888683512
6165,547992.7696054231
6166,536025.7877718044
6167,3242290.3556220927
6168,679505.5490840378
6169,824299.2914261088
6170,276439.26581104996
6171,1020650.9519280604
6172,231070.68046760018
6173,517330.1362291718
6174,477811.5102986883
6175,511175.102668547
6176,511162.52193772723
6177,938882.575286076
6178,507413.68657945615
6179,434628.5683669406
6180,683321.4978083284
6181,2139060.004184384
6182,819702.4309460862
6183,808879.2803737664
6184,1077250.2705414572
6185,356757.86285055225
6186,839139.9277671475
6187,2348136.138716584
6188,478206.90944636066
6189,309272.82711054693
6190,1029597.9333037573
6191,685105.1069314162
6192,228086.05485428078
6193,837142.1343148069
6194,699682.2001318148
6195,869237.1272319517
6196,530938.5092022609
6197,562247.1204414185
6198,399247.332450997
6199,618440.2004783252
6200,881430.4921195618
6201,668940.4450253355
6202,793143.5053570217
6203,230625.6972296704
6204,592323.581130076
6205,475647.04124156
6206,305603.31424427446
6207,907590.7320821023
6208,1199473.798781319
6209,810913.8891454864
6210,715487.09711253
6211,230199.2300405394
6212,1073410.4236295642
6213,365020.2046056506
6214,575408.37065517
6215,388747.2973722488
6216,569036.6044173718
6217,489206.551427727
6218,696027.3380080125
6219,154429.22572767182
6220,109557.58848727621
6221,352545.7904596243
6222,1971304.4511821647
6223,222159.19333921745
6224,1178890.104362032
6225,600435.7871850051
6226,248562.25286971967
6227,195992.14538201908
6228,638953.1897407859
6229,329140.1680699806
6230,787951.5093671475
6231,201476.57919513495
6232,866084.8952059308
6233,266190.54241011
6234,1124962.7981997689
6235,299175.75977340393
6236,705272.4260031239
6237,1811818.461937627
6238,195386.00137660225
6239,349834.33588172874
6240,338085.2104009951
6241,837842.3670024958
6242,588544.7721524464
6243,489897.91429232294
6244,539288.7989096567
6245,1042497.2205069582
6246,862541.7343419393
6247,598060.2574856967
6248,865092.742255501
6249,936688.3754986876
6250,648291.003617759
6251,316333.21359174955
6252,474164.94955591124
6253,2407621.596430437
6254,1260701.5039414277
6255,192181.70403867806
6256,514016.78125023143
6257,781708.2277671542
6258,912665.1043793191
6259,952300.489063179
6260,406030.3371443604
6261,382699.55988763657
6262,1634013.8881923363
6263,1757942.9920708349
6264,244316.26805585873
6265,278844.85840339086
6266,475589.7414717118
6267,1315357.1110670455
6268,712048.409556893
6269,703419.6820466928
6270,557166.3753510175
6271,261026.2800420671
6272,452531.5089783076
6273,276667.47151014983
6274,418004.934283749
6275,527424.2835041487
6276,408876.14037815947
6277,574252.0880011872
6278,781311.8607882103
6279,938267.3042854567
6280,377477.7631984793
6281,217349.06881852343
6282,597681.3273203463
6283,1158550.108947701
6284,433978.6702661412
6285,1021200.973686076
6286,548804.4475702551
6287,476522.616827255
6288,875328.2415031905
6289,754543.5689110189
6290,902931.3358376472
6291,1198164.6788428293
6292,266190.54241011
6293,974732.0460528538
6294,361556.31891503965
6295,715934.565782157
6296,523097.29684756603
6297,300941.3672042578
6298,362337.96246198606
6299,584048.3904426096
6300,637436.6286670561
6301,338966.4058818704
6302,748323.7910617944
6303,1027183.3004224133
6304,1656119.2198373647
6305,1052503.2676316123
6306,548953.8183770694
6307,421428.8799867459
6308,902283.00016018
6309,594011.2981025986
6310,637506.1756074192
6311,685864.651203907
6312,918760.1519116967
6313,322961.4258139135
6314,585228.8294423671
6315,661467.0471872877
6316,903002.5883419394
6317,538373.86440529
6318,613804.340145025
6319,994728.0854620863
6320,283450.8853191292
6321,220528.1049543362
6322,1280845.8164176715
6323,1171704.1226036302
6324,657394.4355214573
6325,804431.680194121
6326,555556.8317165796
6327,1611555.0445323545
6328,571811.7475556182
6329,849846.1585099372
6330,259839.8435239088
6331,591349.3902217967
6332,697882.7374633504
6333,475383.74930358765
6334,802573.0073026702
6335,448419.917810939
6336,655741.1407060095
6337,420971.86314734386
6338,299700.2300738627
6339,409988.3432033862
6340,622424.6117691904
6341,1599096.2711965227
6342,296995.28169883875
6343,766605.0858812924
6344,827136.6694205939
6345,619367.643775462
6346,1326700.8427162818
6347,492891.1700356951
6348,1027377.1568870484
6349,917012.6890437735
6350,685511.8246460569
6351,1005164.1465788588
6352,217972.83124993034
6353,1169633.5944794915
6354,770256.5602118846
6355,444838.9606902454
6356,1129380.6642778858
6357,373275.60793474806
6358,526763.2242618394
6359,675993.8587891118
6360,777210.0909595866
6361,220719.00052048443
6362,586689.684218189
6363,302152.5506616418
6364,692300.2646098486
6365,465429.4518744767
6366,425447.4215724095
6367,1899420.3914164125
6368,1117055.3044746164
6369,503830.43171383487
6370,809405.9427595866
6371,197977.64505691786
6372,764223.6970622101
6373,167097.21686628222
6374,377303.6448020626
6375,293936.0606122476
6376,1143863.050123674
6377,872625.2787700061
6378,226605.62237657778
6379,524160.35797922977
6380,1354849.4525593151
6381,562543.2258673732
6382,1234055.0875908462
6383,1703117.435634852
6384,446984.53997001733
6385,314770.21997732035
6386,2334582.0366940578
6387,628424.7876396845
6388,455875.39299547847
6389,925777.0234956082
6390,485024.74602057436
6391,1287428.4771872663
6392,848687.8072631357
6393,1234424.9654677324
6394,146115.5219986376
6395,424821.78932972613
6396,620397.5276993028
6397,396854.5475044295
6398,408876.14037815947
6399,701579.401933435
6400,300828.64483454684
6401,318309.89395831025
6402,585546.6337123037
6403,564335.0309285214
6404,634719.0447939339
6405,1314912.7408426346
6406,752794.910728393
6407,257166.59684761922
6408,282771.1611230356
6409,525020.3194763191
6410,987865.0732132031
6411,475148.75160351186
6412,796827.0062025121
6413,554526.6377242577
6414,713731.9060019653
6415,686011.1798159912
6416,240617.4165342716
6417,253740.64751364547
6418,852083.3136880284
6419,1447379.3791288326
6420,1083187.389839707
6421,131313.63051377906
6422,663101.0423565861
6423,140074.8302795057
6424,482502.60591796885
6425,644356.7814019091
6426,1945215.4982940578
6427,499011.4188387309
6428,266694.87891168095
6429,703942.8826285589
6430,590606.4637729004
6431,423541.13866610907
6432,2594631.69479805
6433,196072.61559743434
6434,865086.3863689112
6435,330608.5406420837
6436,687951.2944997541
6437,842009.8178168056
6438,547857.9822199376
6439,382896.92185279896
6440,1148457.8785076544
6441,692334.6814036352
6442,761218.9031595866
6443,767514.2703142157
6444,720177.9151991465
6445,1668776.3608042854
6446,1201855.6092137983
6447,206505.8729759685
6448,451108.59131938324
6449,840091.8366265246
6450,298732.3366770313
6451,171414.11579708586
6452,770587.9482469154
6453,712758.6871904922
6454,412096.99693755386
6455,561527.6072120301
6456,630677.2853883829
6457,773852.1404043831
6458,517030.1254324884
6459,378010.120022542
6460,1251259.2428423113
6461,911757.5265517898
6462,961823.791456821
6463,709511.6167666496
6464,944599.3690665882
6465,931528.2331938724
6466,566554.6948254025
6467,588176.6216279673
6468,551806.4007903294
6469,701498.3552077357
6470,363601.09478917427
6471,146184.2103554901
6472,231070.68046760018
6473,1025635.0382527396
6474,434843.89818551677
6475,442755.0881862713
6476,678240.5687771165
6477,1380213.8676829685
6478,320465.1848345469
6479,769737.2262622097
6480,197572.5336723228
6481,588847.6610720453
6482,668607.1528617617
6483,163874.06496462433
6484,786862.7386930758
6485,902191.9256135145
6486,202474.3996402332
6487,501426.6272958547
6488,1043304.2344180204
6489,394219.20244453213
6490,146605.5309074985
6491,1132401.4179493398
6492,459199.55828116456
6493,542850.0654452083
6494,632344.6743058038
6495,412497.39836112625
6496,803615.9225007317
6497,541346.0151308202
6498,433951.3369208292
6499,941256.2235100357
6500,140226.34339811892
6501,532878.7893278504
6502,571444.546057633
6503,301592.8086178342
6504,252244.73192612547
6505,416490.3370375616
6506,399422.1742521994
6507,862835.3138546733
6508,303204.9768430107
6509,340490.44845008693
6510,523689.0702058313
6511,512587.7110070219
6512,1108183.3844180205
6513,600542.7713749509
6514,399174.1582312793
6515,427638.6570150255
6516,215667.5841863558
6517,1110822.111899884
6518,255580.7709163943
6519,762784.4805735498
6520,828404.6769882682
6521,1486031.6354686117
6522,1348515.071363092
6523,799539.5388792474
6524,1237540.849222953
6525,630261.5215225513
6526,475703.915625994
6527,622840.7274348201
6528,778358.7652384616
6529,1068941.1471284654
6530,649463.0305683503
6531,139235.32781299166
6532,434502.07238400634
6533,1134682.9016053495
6534,584253.1144467045
6535,593000.6445303252
6536,645985.9532578541
6537,451411.8382264957
6538,804722.7577011953
6539,815478.7366713168
6540,1282107.2830325565
6541,460833.7075254354
6542,770088.5508714115
6543,123536.90723628546
6544,386831.20233564137
6545,258076.95949822274
6546,628401.790909719
6547,230603.0502602797
6548,634315.9927150868
6549,654845.9459793507
6550,506718.3734821876
6551,556048.3099109506
6552,473313.44588584424
6553,449630.64351817075
6554,781144.3183099373
6555,194650.68381698133
6556,501585.33945184964
6557,652917.7882789857
6558,724576.0025275033
6559,392338.10528969264
6560,651115.7562393958
6561,487762.7959234854
6562,618473.1693539754
6563,484643.07768461795
6564,615367.8696676746
6565,424433.7071209854
6566,767653.2073447788
6567,303204.9768430107
6568,523134.9962757273
6569,328217.85739335755
6570,511668.54825830355
6571,1228932.2899970894
6572,298969.81822233385
6573,852203.4767649762
6574,1061813.2644968696
6575,330997.15025023476
6576,1075307.129768013
6577,583883.8240959131
6578,204357.8728281983
6579,1456169.965818832
6580,613815.2594744376
6581,1025688.8396217972
6582,487722.36344256875
6583,147091.2145127935
6584,594475.4087297107
6585,738702.2145538533
6586,706077.7232798174
6587,689423.664499427
6588,536486.0472524803
6589,432362.99760905455
6590,769845.7213285683
6591,329992.42944227974
6592,667194.3543166661
6593,837058.8502600437
6594,679204.8240187498
6595,798960.0824116473
6596,561801.7734933938
6597,640553.7089318098
6598,260061.17212841596
6599,248569.45323338654
6600,662987.5700289902
6601,803474.9946945334
6602,211637.58092581338
6603,542746.294761626
6604,303204.9768430107
6605,467442.40138545656
6606,496588.2467808485
6607,549386.9227671499
6608,1305700.3163918604
6609,552691.6387060366
6610,289688.57834067056
6611,935813.2665092933
6612,1159699.3639834542
6613,222778.9115819903
6614,846451.3387757923
6615,472357.42949839233
6616,898593.6092980313
6617,1058872.1649189016
6618,1558193.7628889708
6619,656460.7974897646
6620,969455.3737721927
6621,858464.815578812
6622,979249.5688673108
6623,422576.9261614157
6624,132104.7160313343
6625,756626.4755441584
6626,259256.67491903185
6627,445290.63324794115
6628,426177.9798874111
6629,866738.1493158424
6630,1143142.689929246
6631,1117816.9652089467
6632,1129139.190298659
6633,690357.4340772945
6634,946265.7163317141
6635,968625.8449804828
6636,205362.0294438098
6637,816506.2130790517
6638,243311.8837173228
6639,331677.8707406375
6640,621004.6789699539
6641,316060.33856785647
6642,920197.3008311235
6643,509913.776401639
6644,731909.4136239507
6645,526091.81099773
6646,247037.86656295907
6647,684993.518825028
6648,1135536.3577608052
6649,682735.4697863398
6650,2033685.652270835
6651,807703.9597265834
6652,551851.0935843851
6653,663475.5076700951
6654,671170.4660485198
6655,726581.2038589396
6656,772346.9210303137
6657,796066.4408754003
6658,425600.5079406672
6659,696709.4739782483
6660,231070.68046760018
6661,636166.4941710937
6662,1128271.4265871635
6663,1279597.744593233
6664,288853.2574843056
6665,1020960.9222253433
6666,681847.4575072419
6667,485429.39463890216
6668,394950.1827864198
6669,3265715.158422093
6670,293073.578978737
6671,291850.5208219604
6672,354813.2640322366
6673,391732.7757883231
6674,419343.16125974286
6675,695254.9980627571
6676,842353.6411095404
6677,642589.1236359912
6678,931153.4869581007
6679,245665.1097543824
6680,568241.0964861428
6681,2731367.764544692
6682,775462.317059014
6683,742236.1610743216
6684,1116632.8985584665
6685,550645.7954510669
6686,1034753.1954329483
6687,176199.15966448604
6688,957126.2489882682
6689,679998.9018738986
6690,775669.5446441665
6691,366166.1776828345
6692,857626.9912226003
6693,857373.8912186028
6694,443720.50084848853
6695,792060.6636621597
6696,648269.9682577443
6697,577036.9184759449
6698,243383.09432318495
6699,985576.7034321884
6700,780705.329819063
6701,531387.3500946081
6702,493453.1896103354
6703,946862.5817655029
6704,576278.6978580315
6705,1554441.0796889707
6706,623523.9419220645
6707,775146.5811396973
6708,826536.7919158953
6709,424056.8266751228
6710,283832.4173452093
6711,693571.0048227913
6712,290506.36035523674
6713,700081.2484481196
6714,1381751.3294009757
6715,654721.4418484827
6716,1128369.9242033917
6717,523738.8171439512
6718,1290311.0333071002
6719,882665.7399818667
6720,692625.4612748409
6721,224121.17109929002
6722,599577.249639927
6723,651739.0024976797
6724,899933.7959347155
6725,637367.153796237
6726,473526.7044804441
6727,500096.6958518538
6728,548019.1464441537
6729,1301508.39449257
6730,317354.3105958636
6731,570141.6558435388
6732,436479.41371657676
6733,474072.04834213434
6734,743258.735220041
6735,718303.0007024806
6736,686011.1798159912
6737,753175.420327533
6738,1736468.7797770759
6739,327679.3303960055
6740,1345596.6311278872
6741,673614.3416318046
6742,321740.3577809951
6743,476999.0122858946
6744,884170.4528788617
6745,439538.6466183843
6746,799974.3365766923
6747,2309402.947716584
6748,664888.4108741811
6749,857374.6479782637
6750,484231.676903663
6751,118315.57363628547
6752,309298.74086106056
6753,1086062.121751879
6754,512663.1804985047
6755,723288.7748565701
6756,219949.08957305748
6757,721091.2350798174
6758,798960.0824116473
6759,824689.9877585414
6760,552457.4733469274
6761,278478.08997373725
6762,1248550.9112438334
6763,646585.9651490692
6764,2040157.7535684905
6765,577146.0623629421
6766,124440.00926480663
6767,2971833.239628465
6768,858965.5153431296
6769,898160.8048283709
6770,1630174.6818424365
6771,756104.4912985514
6772,338939.39950202254
6773,486921.4894474957
6774,649015.4463223808
6775,1037634.7985377498
6776,319802.88597153436
6777,1375341.5567719655
6778,766825.1647828508
6779,210401.73093229314
6780,298697.7335466243
6781,458394.1398608603
6782,781980.4412502516
6783,655741.1407060095
6784,1236659.8070773573
6785,388790.7339614898
6786,1528777.3106970887
6787,409776.0253571272
6788,337821.1334741147
6789,1295589.0333071002
6790,404850.13119628845
6791,715487.09711253
6792,695405.2064048206
6793,620693.329862531
6794,626016.3767053505
6795,429580.27116236155
6796,1488203.0734723916
6797,577813.8917011352
6798,839366.3364106336
6799,952688.1613309896
6800,530556.7487007675
6801,605249.1796066484
6802,535979.3530018057
6803,943468.542882318
6804,467526.36675595155
6805,902514.2041382542
6806,293936.0606122476
6807,1225825.100767386
6808,799853.3590540143
6809,980060.5631786617
6810,708784.1043698344
6811,311651.03828824667
6812,2704119.875344692
6813,1217020.6058530135
6814,967553.0120080644
6815,295225.4972615773
6816,323027.9891802897
6817,398998.73390348046
6818,1408147.7368846722
6819,578425.7871342173
6820,701756.5250045672
6821,261992.07046183836
6822,1209005.4049649152
6823,780138.787583616
6824,445268.71903780435
6825,471975.52290904045
6826,948806.8530074884
6827,571956.7036949854
6828,362185.553998652
6829,350803.60933808645
6830,178367.34615635016
6831,816128.5808976105
6832,214208.60690595314
6833,305284.7681007045
6834,3345186.519622093
6835,438583.3283184325
6836,743297.0241863627
6837,1664685.8625868438
6838,561243.5203949494
6839,543971.5740465896
6840,866157.9488709043
6841,1348611.236378809
6842,460401.37435930973
6843,330156.4582239444
6844,438642.6321763217
6845,595426.1804658005
6846,1618288.2433703532
6847,706839.7246597598
6848,377152.1089034824
6849,3035495.273422093
6850,567475.4665359735
6851,613378.133784378
6852,436342.77531354025
6853,222279.66473043768
6854,128524.42932686224
6855,427603.7373166597
6856,365584.23273503664
6857,1315390.142102654
6858,1327144.8085970895
6859,850247.080338459
6860,454477.7259091125
6861,700940.2074314248
6862,882870.8527230537
6863,170198.961166254
6864,455778.507710179
6865,933442.6827471119
6866,439516.5367255998
6867,789055.5047369618
6868,501503.4387424033
6869,442013.52526844555
6870,456042.9483588836
6871,648514.3949148115
6872,891660.1070238018
6873,301914.0896425354
6874,243311.8837173228
6875,344079.4483824883
6876,157653.6156638313
6877,840836.6129552362
6878,175238.20102919432
6879,1601986.0837483485
6880,300755.52280647896
6881,649368.6328561949
6882,207749.01605251132
6883,320465.1848345469
6884,1217156.072668346
6885,599778.0927833439
6886,1039522.4844180204
6887,297615.9473597608
6888,692687.8199869995
6889,294292.1509839753
6890,429645.23913455685
6891,1679841.1525061526
6892,195283.87663142307
6893,718584.1978915855
6894,1885804.2561865617
6895,355802.90869877866
6896,856170.106020355
6897,190430.79912222837
6898,796066.4408754003
6899,641009.6423200518
6900,592253.472854866
6901,823048.1899881731
6902,737307.5702110704
6903,597691.2714734777
6904,370289.10858489224
6905,109557.58848727621
6906,354997.7100595765
6907,1728331.9887027931
6908,1001968.7441356961
6909,152274.08346119177
6910,929067.1418071535
6911,1422167.0006211777
6912,418911.86696263554
6913,437930.97681551415
6914,719019.4224997541
6915,204157.89275248133
6916,1617964.3840995503
6917,373189.5053006754
6918,375600.1809149536
6919,650333.7421371689
6920,1191573.9131132292
6921,694328.9792740357
6922,1187857.4724036301
6923,276051.91862382746
6924,937812.4620080644
6925,853568.1604268717
6926,262568.65253561456
6927,1552071.8800833642
6928,434026.7516372899
6929,361891.6609292115
6930,131211.7942714997
6931,376289.26200181484
6932,1119314.9150109608
6933,518459.2050055076
6934,236602.9340069904
6935,449999.3803511204
6936,558853.0386286293
6937,525900.8792758828
6938,1567083.005305185
6939,482111.763472908
6940,823048.1899881731
6941,723471.5023525399
6942,1048519.6548505226
6943,1253013.2632099327
6944,231480.20097914245
6945,661909.0530141562
6946,242694.6019898093
6947,839139.9277671475
6948,957266.0512120961
6949,754893.1007400786
6950,586820.0353389113
6951,647123.9805485294
6952,631697.222806278
6953,1561364.2691116207
6954,472079.96303530043
6955,497052.3439616952
6956,444277.1378467344
6957,317398.1400366944
6958,793190.380120378
6959,307674.8986581566
6960,986139.589286076
6961,856987.0445566981
6962,712272.746432576
6963,2507535.341856179
6964,1165450.7623732116
6965,1027365.5619280604
6966,579965.6947929831
6967,1346929.0473518127
6968,905275.5132969151
6969,1982386.4745821645
6970,938880.2746924763
6971,361556.31891503965
6972,492598.2205368323
6973,434464.5518682841
6974,1022222.3006542504
6975,674452.0342190169
6976,807051.4495125527
6977,763129.2143595866
6978,688635.3056976725
6979,402279.7062049961
6980,292853.7091877149
6981,384529.303664021
6982,506657.6514159865
6983,633042.6646755359
6984,505065.5395379019
6985,1746312.9879548415
6986,556980.7172135225
6987,467272.45327461965
6988,699856.5956243263
6989,1238479.2834119676
6990,721514.0188602057
6991,372134.56876513094
6992,358038.56945147045
6993,1144497.434699884
6994,221887.324747947
6995,156780.3677983789
6996,794276.7615702503
6997,664780.9614479943
6998,357142.0297591498
6999,172714.14846169017
7000,797195.3146009147
7001,404201.33587895334
7002,406062.07105820114
7003,325372.5797284798
7004,497052.3439616952
7005,203422.5876259649
7006,280881.5885401548
7007,351008.1583970476
7008,356757.86285055225
7009,1033143.9315613268
7010,708784.1043698344
7011,555990.4328638813
7012,400223.350051504
7013,444438.5502217865
7014,762561.1223595866
7015,408876.14037815947
7016,215160.66190234426
7017,682123.7819921487
7018,788388.4237932161
7019,332697.97648134077
7020,1637469.1614011272
7021,289838.1603899211
7022,545128.4332189648
7023,636446.5555156964
7024,1407101.1065287387
7025,491946.6978873374
7026,532411.5931307245
7027,668512.9883971575
7028,266506.4121026357
7029,270146.718334533
7030,362141.1676925756
7031,211637.58092581338
7032,906190.7370969375
7033,906305.4700485906
7034,482930.72463287617
7035,129240.66603133429
7036,1081498.8809878922
7037,730480.176045509
7038,270804.3482805798
7039,266642.23582048947
7040,678066.645050552
7041,828011.1103333611
7042,492009.75712023635
7043,924904.5051062638
7044,572119.2850781754
7045,879191.2080546654
7046,461298.88650758576
7047,465823.96914030844
7048,682650.0490248202
7049,340663.53297606634
7050,583458.4930239025
7051,468695.1845073487
7052,400526.0572743289
7053,726237.4844622101
7054,801947.6039463863
7055,608193.0860011766
7056,931603.5663379582
7057,429032.8342318551
7058,708410.914776918
7059,519698.22866001975
7060,407318.7207463945
7061,842065.3821812328
7062,1031619.2550598022
7063,1155725.0709189693
7064,298843.7711014112
7065,498151.4822422303
7066,729286.68446221
7067,1031269.033490733
7068,438177.19196889433
7069,1059812.444368658
7070,425228.70811082656
7071,487991.52110340615
7072,992305.6630244928
7073,573063.4235518179
7074,369283.13577820343
7075,628401.790909719
7076,749937.0936543269
7077,467106.9095999436
7078,237877.07400262772
7079,319273.0267178847
7080,749312.430744414
7081,481386.6001598584
7082,1018708.5511410711
7083,1155479.540837781
7084,817724.9006982977
7085,510980.4399606753
7086,1208870.9333071
7087,908931.509558057
7088,397301.61622498115
7089,631614.1026548339
7090,953439.8992445082
7091,905205.673648279
7092,215976.9207116138
7093,297924.61047333665
7094,1451420.05149257
7095,652440.2768651426
7096,617215.8456829308
7097,262568.65253561456
7098,874357.0751611976
7099,874245.2434926028
7100,563269.9564832217
7101,824437.1279888006
7102,245785.66554971918
7103,629964.5398278706
7104,1083626.9629340728
7105,821584.0807345959
7106,398550.769534672
7107,796066.4408754003
7108,1122112.5974675198
7109,1540794.0734723916
7110,1088971.593901109
7111,433845.5279550254
7112,1130704.903059194
7113,141592.56309535197
7114,417479.80666271446
7115,1047918.1833186406
7116,860546.5559178265
7117,501463.2578095356
7118,482984.47718648764
7119,1364549.5631034714
7120,398597.50242498115
7121,748022.6619558053
7122,237583.20587938497
7123,569255.7120690469
7124,760903.4245836209
7125,2983146.4212284647
7126,292151.7105404933
7127,491791.2142015654
7128,337261.7561591913
7129,767402.4059665869
7130,380411.1093700235
7131,1025460.4312351313
7132,387007.8786468515
7133,799454.6513471089
7134,394351.51981730305
7135,1206589.0211397987
7136,519438.6466240438
7137,1235813.08201631
7138,333983.37582811003
7139,736736.6236342001
7140,366028.75751146226
7141,918782.6287641752
7142,694249.9589705144
7143,679961.9254129939
7144,1005367.688377962
7145,409118.0662997503
7146,534310.7002296336
7147,357576.96426139225
7148,617032.5823256227
7149,432731.9940007947
7150,647586.3052603754
7151,297375.9672873851
7152,402533.6422050992
7153,127253.33061302142
7154,180602.2053216168
7155,1609208.0538608714
7156,662878.9118633502
7157,416453.22656699724
7158,520595.4255042722
7159,527533.0248378188
7160,400321.44581262534
7161,408876.14037815947
7162,1166704.505278122
7163,1095440.3334267912
7164,404624.6919162863
7165,649847.5291917267
7166,2789534.810544692
7167,806575.4224848117
7168,618642.5974393946
7169,883249.2101474159
7170,1426646.5352489802
7171,220493.77813954873
7172,516066.0103671736
7173,258467.98997501354
7174,1325185.6115349724
7175,201476.57919513495
7176,803826.3167510608
7177,872859.8500080989
7178,661909.0530141562
7179,809176.3213564726
7180,868761.5828276603
7181,681779.4579461883
7182,799853.3590540143
7183,705261.4390178437
7184,481433.5303772978
7185,1092898.1387820262
7186,397613.9076492224
7187,295568.222906901
7188,823381.4008653457
7189,372134.56876513094
7190,1483126.8050554292
7191,483517.5507194614
7192,1020189.9391805776
7193,777724.219970397
7194,475697.39593509224
7195,457738.9441913387
7196,488465.9505653527
7197,492805.76738084847
7198,863529.5494080829
7199,632160.2415245647
7200,407435.457452362
7201,908888.9013051932
7202,1749474.0260638406
7203,443257.80828501633
7204,154926.48909898245
7205,807091.8381292515
7206,1149839.1301347525
7207,1810700.7335978844
7208,3388059.982422093
7209,759308.28446221
7210,435151.2888098364
7211,230773.86585859288
7212,337374.5465304619
7213,394734.4467162443
7214,519596.21712690906
7215,416363.05752054055
7216,620848.1292697432
7217,319080.558563127
7218,733206.3825310543
7219,1037180.7225584115
7220,1363897.8878846723
7221,465702.87732587254
7222,375482.2390561237
7223,624812.8981858602
7224,730895.54796544
7225,250586.12518688047
7226,703876.3117852873
7227,232975.72349144015
7228,629932.966378371
7229,587660.0868431174
7230,781921.3243821107
7231,545120.8437527033
7232,456733.8922897053
7233,419659.071706271
7234,367349.2660313547
7235,656313.8875509206
7236,671900.6539355073
7237,1425453.2501023281
7238,1316794.9180360385
7239,590288.8581239546
7240,946540.5652881286
7241,891582.790092266
7242,282462.59755780373
7243,700334.1055745324
7244,749741.5810618561
7245,123248.60926480663
7246,1683975.9522343646
7247,213714.857082335
7248,789680.0691635627
7249,292834.5136326705
7250,312672.6069387444
7251,231070.68046760018
7252,810497.8187202516
7253,1205553.0660386465
7254,539456.1514306033
7255,1077898.339008015
7256,706962.8686228245
7257,367652.82897074707
7258,385104.8421133786
7259,441876.0641370588
7260,438131.4456239982
7261,264708.63113948144
7262,856331.9024707095
7263,979796.2899069581
7264,754798.8603836161
7265,530556.7487007675
7266,228330.02840564254
7267,404620.4543835789
7268,567945.6117412824
7269,207749.01605251132
7270,743394.0644790959
7271,448803.5390508949
7272,764160.057343081
7273,782420.8400558379
7274,661113.9962857461
7275,388583.8776096373
7276,426781.13187145605
7277,289629.7762594578
7278,1188749.7286088746
7279,439399.1298221783
7280,1594085.4594424365
7281,323486.78939861455
7282,478611.99311297387
7283,528169.3901136048
7284,422565.56359837117
7285,936653.2528034726
7286,320723.85437084205
7287,830576.4764229949
7288,599831.1212450687
7289,496906.22640143917
7290,234244.30375387924
7291,527163.4954259893
7292,963323.3393432428
7293,857527.7386930758
7294,399123.5164265779
7295,172550.89216625402
7296,729103.617262701
7297,233888.86724212987
7298,520595.4255042722
7299,564322.3093920682
7300,675811.4771389514
7301,159832.59085647183
7302,194015.93181966507
7303,190430.79912222837
7304,126674.25980437522
7305,1240406.3407349724
7306,957527.3245866396
7307,952030.4962863823
7308,1228465.5852441925
7309,1309257.4067616053
7310,872353.3044312551
7311,171212.84995502498
7312,895635.2967712993
7313,1009199.1803779618
7314,266506.4121026357
7315,993789.2200859415
7316,955350.4705963354
7317,928585.2531933442
7318,394844.5710361841
7319,997734.8370074884
7320,776544.7254489644
7321,306706.73509171786
7322,1294385.6944041995
7323,344212.29232468974
7324,594151.8270808016
7325,837181.8199918633
7326,273179.9391480913
7327,386626.9277788281
7328,281391.7012819878
7329,427372.223441255
7330,1020869.3864325391
7331,2236902.3585821646
7332,784859.9156038028
7333,232976.99755863263
7334,284661.72247119783
7335,466555.6983033996
7336,809230.5080861978
7337,405166.3467693335
7338,435218.5576675404
7339,275711.0305959031
7340,120485.1508985714
7341,1168166.3759204226
7342,332819.3351781566
7343,633262.734576169
7344,1414711.0186209094
7345,1282382.5612808366
7346,309356.8863687321
7347,244947.86099136723
7348,573587.1417746366
7349,787925.3670790291
7350,270779.58453399857
7351,567362.9360117401
7352,584170.3239032892
7353,635849.0355698687
7354,232976.99755863263
7355,634919.0397815012
7356,783790.2689296807
7357,998911.3215347804
7358,474609.21312663914
7359,778837.4160420782
7360,597841.2144268159
7361,450209.00308030954
7362,624014.1916222714
7363,649164.3042393959
7364,1057973.232548711
7365,486789.8127065741
7366,231070.68046760018
7367,1100825.056686076
7368,597102.5825460374
7369,683930.944814057
7370,617581.5321733191
7371,1387241.0860471209
7372,286788.2768230909
7373,683361.5519574351
7374,212450.77880356635
7375,535472.8627666681
7376,371774.40143942146
7377,700593.8548101343
7378,668913.8556291997
7379,943507.9488894904
7380,350416.2161090059
7381,827470.3254857418
7382,1056594.9644657928
7383,671128.8997735278
7384,234516.28228019516
7385,243383.09432318495
7386,418414.99355619564
7387,2411437.0113019673
7388,543222.1578086141
7389,804171.3090500187
7390,445032.0914938274
7391,190445.06377644997
7392,2350947.874201212
7393,377609.0621890623
7394,362730.94922930264
7395,891814.9582105542
7396,841633.6931405453
7397,434101.4206249734
7398,478112.88018136733
7399,480366.50747742155
7400,517574.1921361391
7401,1578097.305073773
7402,397452.4481682838
7403,127329.60926480663
7404,1677315.0851568454
7405,293091.8412430551
7406,310999.76374386385
7407,449469.38390600926
7408,452821.99106687517
7409,715400.079188737
7410,700081.2484481196
7411,359790.75765305944
7412,246606.7974580081
7413,1133515.653650249
7414,225492.71828688282
7415,809800.9585659776
7416,656339.7780781795
7417,918209.6186882416
7418,198213.80065531895
7419,395351.4603896664
7420,697526.5300342808
7421,1615740.9912424365
7422,547853.7146136995
7423,842623.6128921425
7424,555260.0801315319
7425,1301844.070140686
7426,617684.5652541303
7427,1450642.5584611709
7428,400487.1948660309
7429,940230.200807364
7430,685237.1786246883
7431,989635.5229284873
7432,763844.9237595866
7433,910761.8489364693
7434,375528.53396974225
7435,127476.08179018332
7436,425742.8125303851
7437,313817.4127661835
7438,403297.1259865714
7439,765867.2983324646
7440,704590.766698085
7441,154589.97054912974
7442,1147407.9148098803
7443,870753.3118186028
7444,296448.5664690987
7445,534366.9148222973
7446,569203.1665460565
7447,748288.5295760949
7448,626998.1706968418
7449,668093.6488138961
7450,204187.99374881538
7451,695216.1769906901
7452,503579.5548410571
7453,239403.07210752595
7454,738991.489204336
7455,885221.4195474158
7456,399480.2055326827
7457,718591.5009262651
7458,879428.5500798761
7459,488705.78717940906
7460,432783.3320004892
7461,1216731.1495166318
7462,488165.29602342297
7463,546820.8931751079
7464,468321.3688078326
7465,527546.1554508964
7466,582146.351355338
7467,910575.9056060426
7468,275035.49834234023
7469,191727.59871268255
7470,233393.38919437167
7471,688001.1983143373
7472,828398.9338247892
7473,809425.4286227919
7474,573479.40546588
7475,648866.2984512371
7476,935648.5553114841
7477,598630.1791393621
7478,222242.3184788687
7479,1771866.1313611655
7480,450321.4590102769
7481,562153.1353958569
7482,686438.0062324528
7483,1781215.1076644121
7484,472089.28165169916
7485,355699.76826152805
7486,394937.1695210148
7487,616163.267462158
7488,1296210.9242081293
7489,672669.455334514
7490,769998.8949054262
7491,678390.278249072
7492,489007.07465194474
7493,655935.4938824682
7494,1500367.698288549
7495,391003.4587424474
7496,613058.853724323
7497,2136797.7471883157
7498,1029293.473548596
7499,583309.5727290618
7500,188347.74206075634
7501,408876.14037815947
7502,237698.4750981106
7503,1527733.30733888
7504,722487.5333761441
7505,694591.7695508453
7506,1501622.2635062798
7507,749728.2205870114
7508,201432.0466160907
7509,807948.022382057
7510,2726696.002344692
7511,293881.05065068253
7512,477669.473087256
7513,372259.3273679654
7514,278649.1400752438
7515,352485.4370945468
7516,1420089.449784418
7517,411416.4492498514
7518,1506790.281768525
7519,243383.09432318495
7520,236254.97965210717
7521,279945.63847372704
7522,555007.7886704576
7523,674846.2189063348
7524,231870.8043144995
7525,334286.8245709322
7526,1444362.872415499
7527,752403.5622370825
7528,115580.8478997674
7529,1283905.0956426344
7530,431848.5637447403
7531,515175.8960247531
7532,530556.7487007675
7533,396461.49076296575
7534,679357.6514183697
7535,580524.5012440787
7536,442073.5061830918
7537,1451494.0625091372
7538,388334.70011051133
7539,709546.3945970805
7540,381869.5788972626
7541,238547.21105528317
7542,470606.5259999436
7543,236871.0002174658
7544,920091.9989566151
7545,458006.1887655656
7546,530530.7772516058
7547,1155619.2852028469
7548,869385.1589757914
7549,455856.2454149922
7550,475434.9168141312
7551,497830.7592506731
7552,830962.3198202811
7553,370866.9320860294
7554,1386189.9290465664
7555,387731.33638180175
7556,935929.786740304
7557,737235.3370622101
7558,991521.4114801935
7559,459749.3741100504
7560,1067517.9164230886
7561,527659.973109423
7562,1108118.2505336439
7563,795505.0856560427
7564,117063.01313229707
7565,193362.1557729469
7566,1960814.2177865617
7567,319604.90517891676
7568,972183.3938070494
7569,363532.55359477375
7570,878205.7207754645
7571,853570.1759994219
7572,1061002.7415223718
7573,220917.58630127285
7574,284179.7551443833
7575,675312.7886649461
7576,478456.8413407037
7577,897374.8026429275
7578,1074932.7656329484
7579,351510.3239899726
7580,425250.7876193428
7581,367094.1316282133
7582,572992.925980186
7583,623090.4389923587
7584,243761.76718668558
7585,392210.7309070125
7586,351250.3851955188
7587,903696.1319496264
7588,401864.44612948014
7589,446545.2951204309
7590,1138317.0993929596
7591,790117.501907053
7592,440170.6033895472
7593,373384.9073019588
7594,190611.3435921163
7595,872720.6131177106
7596,349234.70503790805
7597,207749.01605251132
7598,207749.01605251132
7599,423005.1173339809
7600,515764.19197855203
7601,326041.35754168144
7602,549168.1027289869
7603,454147.500523066
7604,331021.5881883465
7605,1991448.2108708348
7606,880143.8792517742
7607,1508525.9449848162
7608,808942.6591556451
7609,783663.454176964
7610,1193019.5878303507
7611,396846.0122251089
7612,411575.9263549419
7613,1140126.8564180573
7614,165450.1124720065
7615,127049.55466480664
7616,899273.9943643479
7617,192526.99698539678
7618,491218.05657528056
7619,716140.9124819589
7620,1929755.1441219856
7621,708125.0924690017
7622,1205308.83786456
7623,402862.8736389488
7624,459888.8772533773
7625,174684.8582091382
7626,250518.16044016945
7627,853279.9841768992
7628,180602.2053216168
7629,1993821.7190708348
7630,591564.140475943
7631,665155.2524861612
7632,140986.5358491762
7633,739670.1582708061
7634,438892.9946183843
7635,2548474.6154494598
7636,502119.26226687664
7637,700924.3900500247
7638,426011.53806044394
7639,236850.78435050827
7640,1621541.8146706447
7641,789153.3159595865
7642,808827.588872296
7643,1128497.8897143682
7644,710153.7972934877
7645,289688.57834067056
7646,157293.79196587202
7647,478111.4138704832
7648,302869.5917621119
7649,346184.8088524392
7650,839955.2472462949
7651,363601.09478917427
7652,836440.4972430702
7653,169262.15310238776
7654,299745.6613221332
7655,1413221.8633499248
7656,674018.2763499884
7657,677263.4272915912
7658,733137.698574367
7659,357468.9315386845
7660,906980.7852551972
7661,770828.6217485056
7662,341449.5057030318
7663,750014.1252055448
7664,422766.2850088538
7665,304963.99786009634
7666,567813.2364113688
7667,1057453.534910788
7668,256524.71522343255
7669,1019337.9028836811
7670,634731.427406278
7671,900677.9132194938
7672,759803.2887552257
7673,758480.8336028325
7674,272867.27188855025
7675,451309.2060776057
7676,438346.0777722482
7677,796066.4408754003
7678,297944.28209611634
7679,583741.5367438107
7680,1532738.3470424365
7681,964544.3771788588
7682,525632.1171309277
7683,174684.8582091382
7684,499623.3282869031
7685,1763498.5540356135
7686,2666374.712839063
7687,680926.1587141674
7688,302844.8784633183
7689,304532.0478925469
7690,797234.2986322786
7691,1269807.900513236
7692,593884.5516065127
7693,472794.32544154394
7694,336581.1040966915
7695,491986.2364185024
7696,466611.9287825461
7697,973187.3539179866
7698,345053.94472558965
7699,141115.5306978423
7700,618623.4177223239
7701,857874.3506186028
7702,490793.0566764951
7703,536368.4412690887
7704,1160079.9110337098
7705,503358.5792903538
7706,648866.2984512371
7707,245922.1494590424
7708,801900.2188611629
7709,701527.3187611185
7710,853476.8017063196
7711,444090.4102348149
7712,613009.1555639522
7713,475928.11442361376
7714,625853.0415709096
7715,233168.36486300372
7716,808638.2105056641
7717,705029.1989410209
7718,642292.0754135872
7719,528614.4166352156
7720,298803.95399882644
7721,388298.16812697914
7722,255277.63651714483
7723,460862.0247974312
7724,510113.51915318606
7725,361694.3356530594
7726,1374899.7300908472
7727,846490.8165416825
7728,526901.3303455093
7729,321144.7435304474
7730,488131.2551921891
7731,813356.8862420678
7732,315954.9524319703
7733,589987.3372146919
7734,162977.4694318131
7735,1002626.045286076
7736,384175.3865670252
7737,1195774.8477371593
7738,718591.5009262651
7739,275972.7682619296
7740,479879.90778625396
7741,699797.9026728463
7742,526373.8878237983
7743,1043906.168917816
7744,913886.0658253551
7745,1406054.1764851762
7746,359057.71044960956
7747,393102.2085604065
7748,462122.4268641263
7749,697321.7660997541
7750,434936.7292632856
7751,322259.8844992218
7752,238744.31192507892
7753,327472.60456760094
7754,291689.0128208383
7755,344377.7002853739
7756,868465.4336793597
7757,715539.0946196775
7758,592581.9025133495
7759,594618.0366060988
7760,170946.50803845137
7761,1577748.6584395526
7762,902052.0887793761
7763,1833954.7487801781
7764,1470255.0734723916
7765,850768.8755888343
7766,546016.4578840777
7767,187780.5049995574
7768,844812.407351346
7769,243383.09432318495
7770,1080437.444334612
7771,608285.1542330633
7772,285840.2918301321
7773,1600522.7764710183
7774,942535.2212988306
7775,897474.2418555231
7776,233997.28844930072
7777,365852.32311273896
7778,719959.178136548
7779,1708332.4512344317
7780,228959.83199678076
7781,1026395.6383325962
7782,432263.56465834274
7783,640162.1739297636
7784,282503.1782616418
7785,793382.2498195742
7786,553834.1482956375
7787,570703.8963763167
7788,279366.34692216106
7789,1561113.8746424364
7790,1481902.561844318
7791,825284.179018031
7792,527263.9933756619
7793,800016.8592300436
7794,297671.03159976134
7795,487887.4033368269
7796,493233.5927643224
7797,942158.1222145689
7798,752411.7193362629
7799,295225.4972615773
7800,850165.8523384591
7801,375630.51864460285
7802,1188071.5937637982
7803,501664.4420771387
7804,176550.17836006242
7805,642231.433257031
7806,763425.2005165328
7807,1364473.6973720696
7808,504290.74555503525
7809,1021780.6751032837
7810,677484.5349402591
7811,797200.2914495673
7812,2278471.4177165837
7813,272651.9308651282
7814,1022095.3237779619
7815,984818.2064933954
7816,667244.885472343
7817,809194.5279703352
7818,1233350.8416637606
7819,734376.3656654214
7820,891157.3441356961
7821,532990.4599662639
7822,327108.9004283897
7823,298410.04633717623
7824,986671.3370074884
7825,1386161.9404099328
7826,628401.790909719
7827,430690.0953356176
7828,1057248.5274200465
7829,277940.9159554626
7830,485189.8008885178
7831,238102.29467120307
7832,801679.8232238032
7833,561602.2233616633
7834,484368.34525210457
7835,1296150.4420426344
7836,854839.0198857371
7837,363601.09478917427
7838,998370.780286076
7839,322571.91819141386
7840,411058.5263644086
7841,715869.2020104757
7842,234148.17221523848
7843,559667.7726306062
7844,892401.2539813516
7845,753469.39766686
7846,183483.79249483632
7847,812602.1370039096
7848,826211.7821812328
7849,436357.70723126014
7850,837842.3670024958
7851,378493.26358486764
7852,1070088.2667177427
7853,307674.8986581566
7854,408989.9027873436
7855,467145.9512106913
7856,314628.31161317066
7857,429733.5346345349
7858,819336.1688511281
7859,346896.27055891603
7860,127582.72926480664
7861,249583.21403508115
7862,1334768.541393233
7863,862456.8983706747
7864,881264.0491169486
7865,696751.7443151734
7866,700081.2484481196
7867,1477689.0734723916
7868,1025270.4058169505
7869,285590.02559213876
7870,247230.96272383948
7871,544999.8994288215
7872,1149038.377006392
7873,641483.7074625926
7874,800221.7893218328
7875,1202614.4906256888
7876,1003174.9894534056
7877,303204.9768430107
7878,507699.9852602994
7879,964885.298177962
7880,482980.41099151806
7881,745672.0734007055
7882,515175.8960247531
7883,345056.3529578669
7884,644483.6498065128
7885,435509.5493108266
7886,783571.6083562868
7887,926776.0945639045
7888,445620.230048181
7889,835986.3663872461
7890,1352652.9881622377
7891,789232.7633668336
7892,286514.16545456636
7893,176568.29556076502
7894,216986.48463650167
7895,654273.4668274339
7896,673614.3416318046
7897,312563.7010347298
7898,1006570.2005706747
7899,230625.6972296704
7900,1392341.3414123356
7901,399426.4399099938
7902,567033.738542778
7903,166187.5196154943
7904,389917.1540637135
7905,1009120.7183075127
7906,318139.9397296528
7907,1087173.3692310187
7908,389138.7909564106
7909,817593.2878762223
7910,705029.1989410209
7911,653448.4704106355
7912,675568.8952322443
7913,890850.8570680935
7914,533389.5167155208
7915,310384.0576481786
7916,812941.7536024302
7917,416892.13096646743
7918,213096.49349966337
7919,285961.9171418097
7920,489875.9070898171
7921,842515.8534130575
7922,885146.422255126
7923,966167.1754705457
7924,605909.3204219568
7925,180579.86267384913
7926,494547.7567128133
7927,1135195.0748860762
7928,1017629.138286076
7929,403805.1540690118
7930,265685.72219989507
7931,970678.4006074884
7932,600282.643593406
7933,962309.643869227
7934,717809.2497216514
7935,678268.4162883336
7936,905053.6666933947
7937,619254.4612471068
7938,864605.2479414032
7939,348724.74774043664
7940,1838216.2387027931
7941,217948.10312388669
7942,859330.3061980966
7943,213061.31023827428
7944,701328.4974783913
7945,615990.3398155433
7946,418004.934283749
7947,909361.0719639667
7948,434408.0667009214
7949,651246.0125201171
7950,242575.60645855448
7951,315534.63388259144
7952,734833.9031308346
7953,464563.16036915744
7954,252931.3931077088
7955,970195.5053667591
7956,2687568.1539420662
7957,386938.35611369694
7958,444888.34735410765
7959,597660.6522926632
7960,675811.4771389514
7961,362668.4548895828
7962,955701.4696902956
7963,358339.0979389502
7964,450930.1622128203
7965,979474.297093634
7966,347640.0079102912
7967,461625.33197804494
7968,935363.4426871381
7969,889775.9038956196
7970,636379.5604817687
7971,426197.08841170045
7972,821452.305687053
7973,604315.9304642515
7974,1006153.7211648078
7975,397868.1497714201
7976,291689.0128208383
7977,1610426.043867775
7978,601039.6306264829
7979,670451.1589416261
7980,781145.369173314
7981,770377.5624433542
7982,522776.8880716137
7983,853458.7016186028
7984,362203.47747682815
7985,842694.7832899219
7986,664229.405731709
7987,190611.3435921163
7988,582677.3658291961
7989,2285299.687982165
7990,525494.9194259893
7991,884438.988424131
7992,1222377.1573023282
7993,490794.43574966537
7994,862584.909449442
7995,496865.88179311535
7996,262218.80336387776
7997,228041.07027960906
7998,316808.8868979329
7999,967906.8559474158
8000,215174.66190234426
8001,701579.401933435
8002,746314.7450997541
8003,692954.3090630434
8004,1140555.2050907416
8005,211577.9187372333
8006,362238.8715626712
8007,351448.0450934603
8008,203584.3362013104
8009,162977.10929933024
8010,492815.0359125905
8011,759421.9057062574
8012,552181.1747915493
8013,740005.1306238973
8014,683716.4496649462
8015,286819.7738971775
8016,1262572.9294223068
8017,1264453.928114368
8018,530305.0937192421
8019,611235.8842181889
8020,185605.3384674159
8021,1397894.3684920822
8022,1161926.370409214
8023,500799.1939071727
8024,602926.889865922
8025,338085.2104009951
8026,282718.32689104776
8027,615611.0558670001
8028,522827.3089731529
8029,475664.09907695977
8030,557522.4672748769
8031,528614.4166352156
8032,215747.97554566944
8033,375831.1460750346
8034,1164526.211060016
8035,283299.7893165074
8036,945592.8025788588
8037,790186.8127430776
8038,415773.45596547524
8039,805254.2217595866
8040,305569.13592363405
8041,381156.6131349888
8042,1398783.2192512439
8043,978624.3000180684
8044,401369.0957592456
8045,1029414.2931966401
8046,730762.501183616
8047,514302.61040967633
8048,1055987.8585594671
8049,1150372.4037750799
8050,979835.0138074884
8051,921494.0495788589
8052,3044927.3114469512
8053,1419801.6290908474
8054,489533.39150777657
8055,619382.1318586024
8056,3046961.859628465
8057,402595.20854147273
8058,726157.2707891254
8059,710796.807743108
8060,461729.53956251754
8061,365799.524732083
8062,356757.86285055225
8063,531712.8021730803
8064,666199.0120466719
8065,1249541.488547874
8066,384522.94909710623
8067,609814.3528865284
8068,305617.5832455598
8069,699805.0526126211
8070,543048.1984438659
8071,940149.7045152424
8072,697333.9295482166
8073,1658172.3276435633
8074,783630.0993635628
8075,580816.0845188193
8076,467264.855379178
8077,179165.6674456115
8078,341483.852805863
8079,129575.96603133429
8080,1841482.0050595284
8081,867337.2156890301
8082,483130.44361665985
8083,347479.1213621072
8084,256524.71522343255
8085,1111534.4803584116
8086,2413236.120814529
8087,445026.4556949493
8088,579288.3260296119
8089,1379070.8230176715
8090,824672.8423341521
8091,754793.704965074
8092,207062.9586723228
8093,711458.6663227445
8094,516664.3585964196
8095,804171.3090500187
8096,640314.6563414059
8097,302737.28266610607
8098,1410737.3346851761
8099,389134.8749788364
8100,596441.2882170663
8101,714539.7802053384
8102,1551060.552403891
8103,1057054.322823736
8104,918734.2054587111
8105,1728029.663356346
8106,632632.0673004048
8107,694518.9684342
8108,1978261.5954708348
8109,557196.458791612
8110,764928.1180856923
8111,491332.2174637173
8112,470949.52131207666
8113,658449.2377578833
8114,764074.5747662312
8115,1187160.918019999
8116,485444.98722484085
8117,707022.9489697921
8118,552297.5942309451
8119,1474836.2980984484
8120,324558.96752618154
8121,470970.41950895323
8122,289122.6431059522
8123,865087.0806186028
8124,354706.176744069
8125,301856.4590633481
8126,1212194.7425896819
8127,541736.5730336686
8128,1092957.945506958
8129,433940.779935267
8130,906086.198657959
8131,770884.8323725582
8132,668819.6209059178
8133,277398.49666174897
8134,574520.7213102352
8135,918145.4376651389
8136,866743.9466508295
8137,185324.05023309277
8138,617893.5872676746
8139,689873.9400318088
8140,833985.5084706615
8141,1411443.511118114
8142,921010.8584555232
8143,1190718.3456359436
8144,382799.8072802408
8145,679443.5741515527
8146,434579.51912841713
8147,180379.1805801479
8148,1066141.1251502999
8149,340086.4218353183
8150,423013.3305640706
8151,268388.75733336067
8152,865657.1371145458
8153,481793.04040555935
8154,686545.2646318991
8155,501243.4613010498
8156,781074.1555710111
8157,872754.9933736147
8158,1095996.9092200364
8159,183623.22326951957
8160,566198.2780098865
8161,759722.6710581043
8162,1113296.1801633604
8163,1040988.8428180683
8164,383329.60880659294
8165,720172.6413307601
8166,1018383.101788356
8167,431733.6033141799
8168,692937.8561846147
8169,558338.0832838924
8170,1067326.173661776
8171,602701.6590660667
8172,884170.1227260736
8173,741967.666272285
8174,286014.9419475287
8175,736923.030383616
8176,530305.0937192421
8177,1284855.0606478606
8178,171375.42189865955
8179,976413.736588392
8180,497052.3439616952
8181,563449.9774198532
8182,703141.920999978
8183,601243.8871831446
8184,763983.0995595866
8185,694712.3782986425
8186,267705.53224628215
8187,770504.6285595866
8188,738830.495120345
8189,284398.6637443833
8190,289655.8946342197
8191,327362.7373092026
8192,550559.028894804
8193,515080.9100688292
8194,557397.4611568388
8195,307281.78905083163
8196,1251763.7029392358
8197,972594.5377813035
8198,681229.6278624634
8199,501992.41617374535
8200,579574.151134597
8201,284446.66759510996
8202,404281.991947953
8203,515944.4863039608
8204,870362.6090282376
8205,282851.28723413893
8206,860127.0500942807
8207,1094039.107899884
8208,767987.9941618392
8209,815123.9416629478
8210,327163.6322509993
8211,438332.15872228873
8212,197257.68417064275
8213,452486.72115204367
8214,437814.9672886364
8215,533895.748220901
8216,504547.6421244341
8217,1637326.6203155634
8218,649463.0305683503
8219,1406943.3346851761
8220,263181.401799095
8221,460161.9172014652
8222,168123.46992496852
8223,825123.2771741548
8224,489503.97159727773
8225,481670.50956543256
8226,631654.5722133591
8227,700081.2484481196
8228,959007.9609788589
8229,502299.2196711356
8230,1167315.5598172902
8231,474935.03241400036
8232,613777.7611682895
8233,185605.3384674159
8234,1599791.9659869573
8235,420152.0465123968
8236,207620.91003404267
8237,595202.5733234492
8238,288796.19227832026
8239,423058.58123417513
8240,282820.98839550104
8241,1580964.3850696683
8242,595202.5733234492
8243,1095968.9014607852
8244,382823.9497024492
8245,1471131.5198710682
8246,460487.35181531025
8247,254890.01711498576
8248,1749530.2616863744
8249,1398558.0293593153
8250,385470.98464199394
8251,459419.7917144969
8252,1037226.4144329482
8253,481083.075823922
8254,985806.7526137442
8255,357243.9290684543
8256,252125.43326378797
8257,825038.0215219128
8258,862556.999932057
8259,601324.2687199418
8260,870568.4306186028
8261,837790.0342672912
8262,582283.5170087204
8263,1385288.4537216858
8264,315190.9896444359
8265,1145553.917298659
8266,419665.1658286475
8267,956963.5571508937
8268,1597453.6088424365
8269,1484743.1906079603
8270,629423.4899463378
8271,797794.7704583998
8272,515687.02397678193
8273,572375.849583581
8274,460812.53050815535
8275,960635.8519146522
8276,1283051.401400816
8277,425080.2032168908
8278,978064.3501140643
8279,195810.16193815094
8280,616548.5951296021
8281,502024.5834383359
8282,469670.0991757341
8283,794552.5948722886
8284,2540662.4792419686
8285,347834.9142815684
8286,904146.5889672837
8287,840555.3996260662
8288,391768.1877187591
8289,823403.3670673384
8290,595966.6991804753
8291,776813.7065635627
8292,1637912.6374685697
8293,936640.6180879867
8294,604029.0700757299
8295,521107.6066166572
8296,120065.29083628547
8297,572424.9409556328
8298,634807.5483750341
8299,976771.391137271
8300,580958.0014369774
8301,951764.3111216726
8302,1107073.0243342023
8303,1289632.751393233
8304,297236.7501562957
8305,575511.3842181889
8306,463688.1666654863
8307,552096.7296667937
8308,918782.6287641752
8309,364909.2914584613
8310,739599.2288818007
8311,250104.61691661918
8312,1208447.5377273136
8313,899626.0492733363
8314,704724.5614997541
8315,1693586.4126645594
8316,919320.6319592716
8317,600006.354751288
8318,678420.1561922173
8319,417815.0757074086
8320,1372587.4950009757
8321,264744.564582385
8322,1540878.6178506208
8323,246509.420089431
8324,1239864.5892468474
8325,267333.35883635667
8326,748020.5965661219
8327,971195.6763196501
8328,811122.8602261413
8329,395430.726913729
8330,536897.7495521564
8331,210117.56986462072
8332,984256.8695954503
8333,607880.9508362091
8334,541504.0387195755
8335,391074.4009929836
8336,293936.0606122476
8337,520042.51754292275
8338,1680658.289803873
8339,277398.49666174897
8340,470004.2557122044
8341,683045.1521248318
8342,1004275.7917176449
8343,829409.4488829008
8344,272921.72436062526
8345,1289564.1840426344
8346,600032.137266899
8347,329444.5818405332
8348,237942.25846576164
8349,730519.5650271511
8350,847919.7418615944
8351,787962.5777536896
8352,339353.51514049794
8353,886023.8102533165
8354,1094039.107899884
8355,1181358.110233253
8356,575616.2137570389
8357,329398.0266353183
8358,1851534.7470768974
8359,459751.4200278877
8360,845654.6202254781
8361,1143666.376982041
8362,518262.84262856975
8363,832265.9498326681
8364,466938.3616582193
8365,364178.5372677047
8366,478785.62081110425
8367,200035.22417299662
8368,477832.8622229383
8369,404926.02234449855
8370,179192.8723911381
8371,964567.2331260616
8372,823600.3029841585
8373,412177.68055964203
8374,318652.47471451375
8375,667921.9003350255
8376,234244.30375387924
8377,379566.3181566217
8378,540660.0391748564
8379,678833.9915131412
8380,507943.22739146656
8381,1363229.1558348364
8382,596395.0728147398
8383,376934.28261355043
8384,1332041.0390410826
8385,1351396.2776400023
8386,1384119.46195783
8387,934685.6579146902
8388,258625.5980864506
8389,839911.7157193164
8390,1017388.597632847
8391,414692.84871805087
8392,539954.3632743577
8393,911307.1706392763
8394,701498.3552077357
8395,141592.56309535197
8396,656508.3347545285
8397,1422251.0693978108
8398,483378.54485245043
8399,419758.49798674585
8400,1098390.4686020836
8401,307870.8757115437
8402,454187.47315387125
8403,567507.6787174342
8404,1445525.9984723916
8405,707376.759303508
8406,633874.102720611
8407,522333.8041764274
8408,886811.208255501
8409,651717.2503074001
8410,478987.6692820877
8411,488510.0359125905
8412,519804.24300302163
8413,1496112.1529950618
8414,931272.9144256648
8415,836942.5933348846
8416,388808.51645056205
8417,865050.742255501
8418,633833.811883815
8419,470009.63996968366
8420,261652.03007653455
8421,822258.5739490436
8422,1062973.4169840578
8423,931954.87177091
8424,324224.46459254995
8425,706771.4783723674
8426,628600.2426535634
8427,424186.3248319442
8428,307674.8986581566
8429,568113.3218120075
8430,292049.57063436176
8431,463131.4584179154
8432,263078.9125935273
8433,1412109.7425562402
8434,751571.7878136452
8435,504037.9097181194
8436,1060251.2701594671
8437,374012.7374530918
8438,300508.682162783
8439,360106.6544320872
8440,620763.2920349505
8441,550603.445363283
8442,848481.5737149416
8443,280629.149095604
8444,379919.06757051667
8445,739144.5600076414
8446,904167.2514598132
8447,500512.5143450244
8448,450839.54100213473
8449,794477.4766405454
8450,171220.56922726735
8451,366365.6129996948
8452,466991.1603711569
8453,576393.9931494873
8454,480038.3267573818
8455,1010778.5432029703
8456,662116.2201826428
8457,956609.3754901751
8458,529135.8591725098
8459,1199135.2220773571
8460,625520.7100230494
8461,461930.47582158004
8462,1107318.3065485028
8463,760044.7099058252
8464,365319.56488955306
8465,310875.00396310125
8466,1081640.9768426006
8467,353821.5010054061
8468,980847.4352500711
8469,331355.7785997867
8470,275035.49834234023
8471,517414.6916091358
8472,645756.6030789928
8473,524036.28499820846
8474,479397.103337808
8475,589989.3802341551
8476,439836.7206468205
8477,883622.8022300178
8478,814694.4537652702
8479,1955492.2082708348
8480,883432.8763344998
8481,1077925.7255634177
8482,737197.0412925233
8483,3421779.1218702667
8484,985239.8779094862
8485,285390.57896782475
8486,293095.5946873851
8487,216166.79218230146
8488,1259651.0794789856
8489,1284865.5291590597
8490,481913.24737522315
8491,992847.8161516024
8492,1043817.063721539
8493,184617.56951315817
8494,904453.7916703036
8495,1599305.023620913
8496,764391.1531251016
8497,834320.3049641842
8498,333137.89465254685
8499,538039.7056466269
8500,349574.58165558067
8501,287362.8264420456
8502,1082451.7930223017
8503,456544.61028499005
8504,584048.2772791642
8505,299680.27419211087
8506,1040140.2157628089
8507,230926.5134787602
8508,1113143.9696529026
8509,419665.69898674585
8510,674229.1271951301
8511,851602.319606592
8512,512450.61439737
8513,2281094.4911821648
8514,659252.2454355808
8515,531285.8715502801
8516,206505.8729759685
8517,1171319.5911178924
8518,287034.43853855436
8519,769665.7706312339
8520,424522.981738815
8521,1872987.2975425606
8522,604033.1062664208
8523,902514.2041382542
8524,897707.07303907
8525,675811.4771389514
8526,1062095.4091497143
8527,605490.1865301386
8528,426246.5087840472
8529,628003.1216084296
8530,538659.0789498212
8531,229284.02897339407
8532,914917.0926975159
8533,260758.30034126583
8534,1251067.2146533928
8535,1589435.5728061215
8536,877919.7914186028
8537,866575.102358302
8538,458437.6304533534
8539,1100349.7497864475
8540,296805.628993776
8541,542016.8958076176
8542,447423.7661905977
8543,1791129.8036692133
8544,395055.7621087401
8545,566205.444218189
8546,334078.7962610756
8547,350945.5655399089
8548,232892.45269797978
8549,517087.9828003252
8550,1018746.7097194134
8551,541650.740119226
8552,1165154.6510675198
8553,355813.28328050574
8554,1635335.1913923363
8555,541160.7807311114
8556,1850481.671791102
8557,632344.6743058038
8558,378254.5922083216
8559,133327.4294688634
8560,624498.7278734664
8561,334292.5302353183
8562,1375103.386661173
8563,355497.77733937267
8564,728333.0235539528
8565,587666.5051661938
8566,1371255.4072270105
8567,1131747.3400675198
8568,624498.7278734664
8569,374314.8746535857
8570,517075.676898885
8571,631614.1026548339
8572,1827555.7419988418
8573,1088738.303025976
8574,221263.49808895518
8575,190430.79912222837
8576,1073700.474148711
8577,622920.9534772801
8578,822670.4881301487
8579,254192.3110097823
8580,615699.4548197504
8581,1009656.2815377498
8582,1034895.9897232077
8583,401369.0957592456
8584,984818.2064933954
8585,591830.1282870152
8586,183459.24551148975
8587,296676.46333417884
8588,462612.08354104054
8589,953959.0904273058
8590,710747.1906983239
8591,702844.2132729404
8592,664166.0054108257
8593,1214753.4443337014
8594,803472.2370180996
8595,180608.0393751769
8596,376561.9609429706
8597,1209363.8065690922
8598,1387002.8868585308
8599,714449.6168352759
8600,851882.6042420678
8601,581401.184218189
8602,302426.45653782063
8603,334247.22715919086
8604,686011.1798159912
8605,505115.5302148628
8606,583154.349596773
8607,1142687.210449032
8608,493090.73117279715
8609,623926.2747136682
8610,234244.30375387924
8611,457004.9073080909
8612,341297.55550857773
8613,507935.55980857904
8614,667344.8238180793
8615,152266.7049460194
8616,944491.7725788589
8617,540864.1602581386
8618,798406.4596381707
8619,1095264.0017041094
8620,339292.1940442828
8621,572363.6946794209
8622,419354.0125636151
8623,655741.1407060095
8624,647255.4565923394
8625,671330.1297325161
8626,781708.2277671542
8627,250233.69044996973
8628,361596.5642911945
8629,118610.97363628546
8630,408876.14037815947
8631,1009940.1931731811
8632,228270.1086787602
8633,590045.0854934148
8634,308417.41419611906
8635,3048473.5950284647
8636,724015.5855276751
8637,820538.9000640758
8638,545335.3454621262
8639,617813.4925878337
8640,1397831.5367112693
8641,568464.2750112304
8642,270375.06478530145
8643,586685.224634762
8644,254446.64300299736
8645,289065.3994926911
8646,2326852.0043843836
8647,775610.7162433448
8648,754543.5689110189
8649,684826.20096282
8650,933143.7667741337
8651,750417.0619496381
8652,783774.7155958457
8653,647956.6427703002
8654,665434.7905688197
8655,574252.0880011872
8656,768267.8433149082
8657,533429.1044975434
8658,981564.5811631245
8659,900903.2467027593
8660,1408492.1513034713
8661,546526.529661985
8662,1913505.3434283456
8663,525567.574311521
8664,668335.7767695405
8665,449602.7757570506
8666,433436.2411088991
8667,953674.6822060508
8668,347243.1553292279
8669,246827.20875023314
8670,254266.03722701428
8671,294219.35081105
8672,683302.7250994798
8673,1078877.3371326057
8674,255680.56820818517
8675,444585.8095361533
8676,381892.6230062179
8677,1034590.899871299
8678,559120.060530029
8679,1075409.571687558
8680,750527.6365888356
8681,848554.0111835586
8682,915491.6543901585
8683,535908.1004725866
8684,685052.1351014986
8685,871508.4911945929
8686,581922.7376290625
8687,482906.2739817165
8688,421768.6098286475
8689,999648.6998924763
8690,876301.1473044868
8691,649847.5291917267
8692,180602.2053216168
8693,687059.0490211844
8694,235537.93534353533
8695,959894.1700864389
8696,364941.55590702215
8697,922304.371174112
8698,455796.50893968384
8699,797539.7010661865
8700,1235579.999747874
8701,1068849.9203603163
8702,288181.7401462469
8703,388942.07814469934
8704,393896.8161533697
8705,620893.1202751443
8706,249898.9527250874
8707,522333.8041764274
8708,450767.7130265687
8709,634097.6616641718
8710,259473.06045717635
8711,464890.60382982396
8712,245148.68426398927
8713,2382461.338230437
8714,442496.3730278367
8715,860072.1300906264
8716,436320.71013252606
8717,231211.8177452219
8718,197257.68417064275
8719,1140583.1964180684
8720,1273424.138905932
8721,700366.0055840523
8722,815333.1318743215
8723,660887.7342742949
8724,194605.38138835964
8725,356487.5770135774
8726,990930.7016767453
8727,890208.859246375
8728,758866.5801942725
8729,675811.4771389514
8730,461930.47582158004
8731,1855137.9786252505
8732,784723.1538743215
8733,491332.2174637173
8734,516807.73110882146
8735,378615.6705046818
8736,387864.957060406
8737,794840.905783616
8738,663269.7074393958
8739,456544.61028499005
8740,232975.72349144015
8741,243761.76718668558
8742,984719.9937669004
8743,808687.6835990341
8744,832290.0215219128
8745,540877.6748389283
8746,457285.40410787903
8747,598475.6675296886
8748,378124.00708956004
8749,370720.9452829998
8750,231071.77564165587
8751,203119.97818498555
8752,768993.0336872563
8753,175529.96519450546
8754,633519.3574982556
8755,819497.7948875425
8756,361781.1365329124
8757,408401.09179013397
8758,324558.96752618154
8759,1236974.8046969823
8760,618623.4177223239
8761,995018.3502746163
8762,460769.06988659163
8763,1610150.5928424257
8764,347936.46090039477
8765,508628.69140038756
8766,628401.790909719
8767,950971.4193020698
8768,487957.68045170547
8769,575200.52255436
8770,415280.7995821683
8771,456083.12743020453
8772,949831.2083672837
8773,322961.4258139135
8774,484675.5353688038
8775,887291.2507675533
8776,160752.74481453135
8777,778186.9018336709
8778,1004370.9135788588
8779,231930.45222405347
8780,538611.702175541
8781,979249.8501707382
8782,472833.03447014466
8783,467875.22959081817
8784,597717.5980719464
8785,530305.0937192421
8786,701664.168499754
8787,348612.08451696776
8788,997006.6909805776
8789,658795.8713526115
8790,1076910.8953502525
8791,283647.1944441797
8792,882800.0780381706
8793,209708.62854446133
8794,312446.5906674878
8795,941959.9617842266
8796,692867.5298968888
8797,405047.74639487785
8798,651219.0204589992
8799,464591.9114829622
8800,659456.0915328484
8801,907102.65108643
8802,976071.6113817715
8803,136638.8045405634
8804,623518.6689136681
8805,468074.1713127098
8806,543596.1215251915
8807,455471.30898902373
8808,677453.5850668228
8809,236766.2598941057
8810,756630.6488908238
8811,228803.34602150082
8812,666984.8766800215
8813,609069.9720886652
8814,204157.89275248133
8815,1037416.6878879868
8816,864247.5587808018
8817,961093.7431253426
8818,908037.8523286474
8819,896900.9451235668
8820,519157.0996830859
8821,612833.3751152543
8822,951880.9397392811
8823,478574.6124685109
8824,930690.4782028128
8825,951345.4033984661
8826,780030.5562336709
8827,387976.8307367376
8828,525260.428944394
8829,860866.2480260067
8830,1183047.7398990237
8831,593893.5088488248
8832,733423.3471666257
8833,351250.3851955188
8834,126587.60774244738
8835,257482.9895294638
8836,892960.3451824083
8837,766565.888383616
8838,809046.7235091258
8839,1289779.751393233
8840,1427969.092559799
8841,624243.6758443858
8842,702260.8412500247
8843,790854.9122870615
8844,763305.6606746194
8845,1305741.0897989464
8846,501585.33945184964
8847,1142809.0456373799
8848,628522.2006472426
8849,300262.6674978207
8850,317663.60712198104
8851,1184876.7959329698
8852,1198230.6724725475
8853,288253.2606255673
8854,1086557.7772449804
8855,749200.9181595866
8856,457071.50529923604
8857,402609.8530389487
8858,375269.8665509412
8859,538205.4488531152
8860,776460.2724142736
8861,529390.3117306586
8862,524951.5948601597
8863,1409323.7030107684
8864,526901.3303455093
8865,412682.2390733715
8866,550203.9312802461
8867,663294.7360415019
8868,952991.3408072678
8869,2896542.7780670235
8870,536819.2307250667
8871,344384.63887567335
8872,666199.0120466719
8873,319243.6526820988
8874,272187.6766400531
8875,499764.65141901193
8876,234719.91174358517
8877,226058.2816149626
8878,558276.164167053
8879,239403.07210752595
8880,714570.6486138041
8881,208985.0537756665
8882,1338020.800831851
8883,1228124.856721521
8884,811680.2951134921
8885,386849.5115152779
8886,404674.69747018296
8887,275035.49834234023
8888,489334.6483058244
8889,504175.21588901366
8890,335938.84377388656
8891,1221229.4333071
8892,319604.5915637568
8893,942351.679453175
8894,346905.6751243278
8895,2331679.933901967
8896,388790.7339614898
8897,232647.26169437167
8898,622809.0636788508
8899,489213.780032675
8900,810294.7771317653
8901,860478.2568186028
8902,558817.4242246604
8903,587691.4982249513
8904,823058.4432060524
8905,269265.95481219096
8906,901095.3820492491
8907,504117.7942496689
8908,252434.30627712497
8909,255143.26698870418
8910,729592.7727314339
8911,1672157.353358993
8912,255438.6278174166
8913,1289304.9712243164
8914,1171708.2005788065
8915,1059414.004748711
8916,1433486.2619710632
8917,394899.96814244735
8918,306170.5614826241
8919,785687.4290779764
8920,597794.8042877958
8921,768622.7429761566
8922,312100.2436160281
8923,154429.22572767182
8924,529500.1243298377
8925,1025130.3266869321
8926,829056.8467433662
8927,770055.8074336455
8928,889972.9473685641
8929,629502.8700436251
8930,277380.4261982596
8931,558350.3738807221
8932,1085222.9698136065
8933,1227031.606699884
8934,1421948.610094849
8935,813457.1665885706
8936,250665.6154748929
8937,520554.3151711584
8938,971714.4243422076
8939,1626331.701884468
8940,504038.2683161863
8941,274818.178575451
8942,677549.0116892008
8943,380358.7128862352
8944,438310.03753361857
8945,266872.88338363817
8946,429989.34348834027
8947,1302148.8125790658
8948,459427.5670340104
8949,178335.8092228723
8950,471191.25014119106
8951,928335.039739281
8952,1128379.2756582608
8953,264306.77312392846
8954,1047098.687047699
8955,417479.80666271446
8956,153381.3878542645
8957,490543.5798783453
8958,457300.3833047801
8959,397571.36108842795
8960,792729.7983357979
8961,460319.04432203784
8962,156226.7833269075
8963,916955.1758318302
8964,924877.7601165834
8965,248164.82702725835
8966,750812.3989077349
8967,449472.17419613525
8968,1074909.3869904832
8969,328133.5983492238
8970,289191.8703382442
8971,711755.576337108
8972,538803.9561840219
8973,388790.7339614898
8974,940936.1857515755
8975,790959.9885277145
8976,168678.4103413358
8977,1271770.5612808366
8978,973706.5526137443
8979,1392099.432329505
8980,893872.688020443
8981,485842.7562252867
8982,451719.5871272788
8983,684722.3196571046
8984,513511.2950793202
8985,743430.1871383726
8986,398406.5305429909
8987,182391.72768841026
8988,581851.555612639
8989,588077.6850417047
8990,815502.5150603554
8991,774187.1288931151
8992,437464.8103705616
8993,613815.2594744376
8994,463283.76527858066
8995,347542.1222009359
8996,687761.2177158906
8997,305603.31424427446
8998,1273536.8107227348
8999,1189368.6034256886
9000,457222.5867912879
9001,521805.93041757395
9002,920504.6933788589
9003,340373.25179496023
9004,601504.3669638017
9005,303204.9768430107
9006,314712.25133683626
9007,292794.45617750153
9008,1228722.7205768835
9009,205187.71683438396
9010,201476.57919513495
9011,1113395.230510788
9012,446944.6795210608
9013,757965.3842217932
9014,606093.1107531143
9015,866157.9488709043
9016,2690537.5644017216
9017,466719.73799189297
9018,594605.8105272497
9019,795935.2933213789
9020,421875.271374621
9021,1400261.396759887
9022,999520.6278747543
9023,808458.7346402257
9024,691808.8871740135
9025,139056.8033981189
9026,712638.4824057895
9027,1110781.9239254007
9028,637436.6286670561
9029,732362.0945595362
9030,664273.0472858131
9031,778336.3930975654
9032,840200.158187836
9033,333291.23262811
9034,444682.9504883103
9035,502575.5398914854
9036,2818420.5342373718
9037,1466463.7641965228
9038,674641.9200624924
9039,234244.30375387924
9040,301583.497197848
9041,661205.7739412291
9042,351177.5214883976
9043,1224708.173474686
9044,924058.6157415815
9045,207749.01605251132
9046,1506486.860474969
9047,691176.3575072419
9048,475776.9985747625
9049,1118241.512954272
9050,257840.4098016356
9051,837842.3670024958
9052,623664.3971035358
9053,1072764.718312334
9054,980937.2934329483
9055,422129.9410262744
9056,631845.4283391393
9057,397086.92169401766
9058,373275.60793474806
9059,377422.22258325893
9060,804975.5165652703
9061,360842.7100595765
9062,624743.1529378663
9063,128523.81003133429
9064,393890.38096263557
9065,1014511.3934329483
9066,249882.6097543824
9067,1366400.3608585307
9068,810710.3857875222
9069,1097881.4239185997
9070,954203.1735345589
9071,343235.23358318134
9072,492303.8439296492
9073,267470.8284035778
9074,511267.0512581586
9075,311964.7336468668
9076,846639.2805561272
9077,905339.04055172
9078,765677.6861521362
9079,798514.7774637451
9080,1263830.1317452537
9081,557053.8303721002
9082,227417.94048602102
9083,934584.283712817
9084,244658.40774728
9085,1019515.4340836812
9086,560495.2763177686
9087,213403.6657509882
9088,379467.1691645276
9089,354298.69570096757
9090,708678.2187974025
9091,2896824.4316284647
9092,1506338.8869632678
9093,514058.7471988938
9094,188430.47927077318
9095,721649.724783616
9096,1344736.972165754
9097,232489.81561385276
9098,1929016.3714708348
9099,646249.4846620692
9100,676837.4035748593
9101,822544.7191871381
9102,900699.125335696
9103,708531.5090273613
9104,1017570.725455727
9105,269925.55228634167
9106,1468667.934307505
9107,705073.7087524799
9108,146115.5219986376
9109,178367.34615635016
9110,1375735.9452009755
9111,685633.2595286225
9112,1376488.8084350924
9113,942342.1118224487
9114,254266.03722701428
9115,2479799.578754247
9116,856708.1251923935
9117,783338.9253208467
9118,418442.33571446873
9119,790194.712607992
9120,893534.8099119118
9121,700081.2484481196
9122,213952.4737679525
9123,574774.1865806071
9124,403829.2522598116
9125,465669.9979740176
9126,1099365.983244783
9127,851194.8698876603
9128,165337.86856574862
9129,1229718.9039482297
9130,837024.5325053801
9131,236871.0002174658
9132,1101133.3601040985
9133,537532.6981585049
9134,1368189.9724808366
9135,446984.53997001733
9136,575754.0048820461
9137,494538.208357782
9138,906729.1048068088
9139,1561817.9120889707
9140,396043.72955743584
9141,530730.270213628
9142,1087978.5865069581
9143,344027.7685331687
9144,718535.1896166079
9145,1601885.7042300417
9146,1910178.5078066261
9147,607489.0264506702
9148,700104.4312997541
9149,501969.0719691998
9150,891122.8032485526
9151,471546.783629145
9152,888797.9259882681
9153,858975.5377990706
9154,470794.4582860964
9155,867606.9753248149
9156,3060491.084428465
9157,465782.9374267416
9158,464055.82006612024
9159,586440.4842181889
9160,172714.14846169017
9161,1299417.1006211778
9162,866084.8952059308
9163,523828.5081255678
9164,1447619.3176635522
9165,443611.51821786904
9166,387354.51587632945
9167,861919.7797652468
9168,844818.7960281855
9169,914939.8391633487
9170,413567.4926013468
9171,614840.7875610456
9172,2873303.337246951
9173,895786.1057345894
9174,646096.4392368367
9175,695587.2064048206
9176,190430.79912222837
9177,563461.3245576241
9178,156780.3677983789
9179,879425.9173756663
9180,835210.2283633591
9181,411588.62961650995
9182,972144.4801216476
9183,676901.1167187386
9184,729592.7727314339
9185,751785.7694461053
9186,207062.9586723228
9187,430347.577486892
9188,811334.483443846
9189,702701.7636529249
9190,613315.672243136
9191,462819.6589240027
9192,364457.7100928956
9193,361556.31891503965
9194,817882.4797701994
9195,639039.9930446319
9196,464320.9921892987
9197,125879.21066480663
9198,598834.8309267017
9199,1019045.4857405323
9200,550559.028894804
9201,729244.1885430751
9202,1086601.7966616522
9203,642231.5959111789
9204,572268.7431604943
9205,485683.3881491994
9206,681127.5602907544
9207,516578.1312536005
9208,841830.2990450213
9209,768320.2338779678
9210,811257.421360195
9211,460186.7000092178
9212,435760.4207094473
9213,1427572.8890808367
9214,706325.634680481
9215,759502.0254350734
9216,993633.1405962195
9217,298515.15913071646
9218,710727.6465838412
9219,2346096.931601212
9220,467106.9095999436
9221,1193229.064065242
9222,453080.77224606695
9223,262926.2457222565
9224,236540.6080963742
9225,603979.7175278506
9226,829692.818072297
9227,546902.6473195755
9228,614440.7573461003
9229,242967.36812604894
9230,557468.3060784852
9231,968153.6133305747
9232,1233825.0011247855
9233,568974.4984924246
9234,587807.1592054495
9235,732840.6925275032
9236,234148.17221523848
9237,1304387.3332892985
9238,846546.1202894264
9239,353259.1191105954
9240,188693.43818641978
9241,507334.506737636
9242,631989.6825305647
9243,789728.6912924196
9244,163588.24100337486
9245,443320.2914401305
9246,359531.01807393087
9247,278996.7148005415
9248,483001.5728456888
9249,716439.8644790959
9250,960166.7230853485
9251,737711.0464958671
9252,281391.7012819878
9253,237151.15614309272
9254,405117.97362286004
9255,1477896.0337853376
9256,595388.7196910904
9257,474319.8582630852
9258,767748.6487595866
9259,2856950.473189278
9260,1326171.311733321
9261,1589472.4106746307
9262,173538.3147128199
9263,408876.14037815947
9264,851873.017514332
9265,360574.5736220802
9266,673614.3416318046
9267,1386409.5612808366
9268,384069.3963943604
9269,1067935.0639703053
9270,1020247.3955488484
9271,1293917.551102654
9272,245895.60812604896
9273,354826.15220540605
9274,353389.9445879165
9275,762751.7013995491
9276,616006.7181413
9277,373101.1347546584
9278,872352.2028586294
9279,614237.6936304683
9280,2970472.967428465
9281,465652.67029042117
9282,953303.0178187678
9283,747551.7581031241
9284,235158.8458563294
9285,725958.5686997541
9286,947733.9335671475
9287,584180.1579637411
9288,490929.36052452016
9289,836453.5725405368
9290,860048.1006960288
9291,826763.4351247279
9292,1026347.5443860202
9293,1804935.145814901
9294,345888.88158196316
9295,238019.84417937807
9296,1151720.299696772
9297,581357.2068620692
9298,546882.4050732998
9299,906855.1073322303
9300,188887.23528305642
9301,1111868.248714503
9302,207749.01605251132
9303,394649.6623103905
9304,299464.663385776
9305,909837.1169474159
9306,156226.7833269075
9307,924180.8359980966
9308,832426.2451838072
9309,540702.7417746843
9310,612833.3751152543
9311,335033.53797513625
9312,1210986.5680331644
9313,433044.1433574569
9314,907590.7320821023
9315,332954.03539978666
9316,795060.0220344389
9317,154926.48909898245
9318,969635.7738237197
9319,844722.7998743216
9320,316808.4163083347
9321,1139088.174802847
9322,201180.26169517214
9323,1139089.2523143683
9324,706191.881036501
9325,651538.9154189049
9326,484445.22155897773
9327,700081.2484481196
9328,1072386.357136752
9329,294524.3136414802
9330,1113484.967866793
9331,313182.72355091095
9332,158485.8807289758
9333,630085.5118906805
9334,816297.3396719573
9335,1144866.3378501737
9336,892204.1269602667
9337,353300.9295924725
9338,1456487.2743778038
9339,343272.50559102115
9340,596078.5115836323
9341,203119.97818498555
9342,758921.3975593734
9343,1346728.4809131746
9344,565880.6187733952
9345,492313.07549810817
9346,261026.2800420671
9347,331468.90208239184
9348,328681.3319584712
9349,891897.201230203
9350,809846.0022694237
9351,1372719.196270246
9352,742191.1624007617
9353,407706.3213389912
9354,522733.7671302422
9355,505757.3091108861
9356,370412.13488137804
9357,933640.5499577181
9358,632263.2075355222
9359,542158.5465981205
9360,388942.07814469934
9361,471587.6795840024
9362,714129.246783616
9363,776252.4218177397
9364,759868.8188671067
9365,1021846.2729465272
9366,3064006.942228465
9367,837358.7926381705
9368,254505.42479136563
9369,675811.4771389514
9370,350393.9443055974
9371,667155.8251257285
9372,899701.1590383443
9373,546317.6198732123
9374,209778.87415437232
9375,1285962.3042748556
9376,250586.12518688047
9377,344919.8912933874
9378,296369.3565165737
9379,1041673.7647021608
9380,858667.7264186027
9381,317357.6304054281
9382,625935.0010576916
9383,909578.7280261094
9384,802461.8776916564
9385,1060876.7693061396
9386,757703.2592063483
9387,616299.6555121727
9388,893029.5093359542
9389,879978.9287423432
9390,1035277.0144136717
9391,129403.3040313343
9392,223883.1654365667
9393,378091.03724199394
9394,823048.1899881731
9395,1607180.9331494344
9396,708266.6017516984
9397,956523.8244180684
9398,675594.8335058576
9399,940605.0314901337
9400,2727370.302544692
9401,257372.65686918102
9402,686437.1115121349
9403,358205.3764659954
9404,518071.3101754008
9405,584545.6534682617
9406,630757.9543439177
9407,484583.65650929534
9408,1332990.5111080438
9409,405896.2363698585
9410,624168.5797543919
9411,593793.1556592142
9412,949316.1772074885
9413,807823.6497591974
9414,259256.67491903185
9415,440020.94151758956
9416,342952.0553526341
9417,2820605.5579608525
9418,648887.5254501381
9419,778503.1562028077
9420,357864.28696252883
9421,815864.9719009224
9422,751526.6349612838
9423,281391.7012819878
9424,995769.1686860761
9425,306164.4644982138
9426,277422.78581105
9427,548635.6121446687
9428,1020474.4600924763
9429,499798.62923919584
9430,293548.97513975605
9431,494976.5528249565
9432,1600740.8970424365
9433,178188.34859052987
9434,373241.017146487
9435,372433.015546487
9436,500312.59394951153
9437,654273.4668274339
9438,581947.5113880194
9439,214032.66730648786
9440,387536.0288156629
9441,919807.6753256676
9442,319573.6195900461
9443,1134145.5454376563
9444,388942.07814469934
9445,622301.4486330757
9446,769913.1069592469
9447,1028875.1374619042
9448,839929.3014071535
9449,709700.8904357355
9450,822290.7090420678
9451,937391.0503968041
9452,288921.8883734714
9453,839789.6272929544
9454,353543.8374110988
9455,128769.94092874069
9456,966023.7333794913
9457,1274436.733474436
9458,1233973.9547620546
9459,1184566.2153345463
9460,161531.25697006163
9461,454036.6226803234
9462,1022075.794791715
9463,753802.1646893924
9464,1656057.0299848195
9465,342763.1237748385
9466,1213690.555125686
9467,296805.628993776
9468,972937.3349474488
9469,1055241.3210528537
9470,389605.026794272
9471,173042.23979630944
9472,692867.5298968888
9473,882219.6228715464
9474,910288.0678100006
9475,409994.9875042963
9476,533849.3965353987
9477,921190.2970956531
9478,172714.14846169017
9479,445459.39359657577
9480,401369.0957592456
9481,223858.02543038377
9482,1091240.1971288319
9483,270039.69343596423
9484,241576.55327376485
9485,1253292.1520235427
9486,967172.8032633986
9487,701323.2726997541
9488,1118659.0163931178
9489,243991.67789451813
9490,541185.0687785416
9491,882219.6228715464
9492,996114.6194994897
9493,329461.1486266841
9494,885940.6413675533
9495,1171376.79560031
9496,1093371.994569637
9497,580102.6182823535
9498,1663102.1038520664
9499,326909.2021952802
9500,451585.86980146
9501,865086.3863689112
9502,460096.2853362061
9503,1299984.144193233
9504,806643.1441803336
9505,551496.1472300474
9506,724770.8617248214
9507,1240225.064074473
9508,1626275.761171314
9509,292788.0327843737
9510,675993.8587891118
9511,1220078.3297143683
9512,372291.13155194814
9513,307157.0346664904
9514,801900.2188611629
9515,449533.3962128203
9516,427446.55017769255
9517,880465.8372490143
9518,1183447.0448848438
9519,475087.40090856655
9520,1577657.9086298654
9521,702110.8886636868
9522,833094.9724951219
9523,151151.9795508129
9524,266694.87891168095
9525,306924.84693884803
9526,1099365.983244783
9527,1325761.912424323
9528,775669.5446441665
9529,691578.5179737001
9530,593793.1556592142
9531,1251919.0897143683
9532,336280.3931488972
9533,1409038.9025593153
9534,1420904.9394465112
9535,1416522.381393233
9536,1637717.532819848
9537,666199.0120466719
9538,567146.7717987477
9539,1086470.705928681
9540,244529.55480012443
9541,1101892.4319748832
9542,1597203.791923427
9543,524886.405425071
9544,433121.3333184325
9545,1177402.135182562
9546,487630.2882218146
9547,503650.503183077
9548,512922.68884883507
9549,492406.8050514884
9550,828207.5201208068
9551,357090.4343185302
9552,297674.3344167398
9553,600363.9477614642
9554,337945.67882725963
9555,611927.896492806
9556,604334.141455762
9557,418004.934283749
9558,185901.9609694625
9559,269062.95917455223
9560,951066.4754034725
9561,531500.8000793826
9562,293936.0606122476
9563,522217.097886353
9564,390438.50980007544
9565,863332.0286531693
9566,606841.5536028155
9567,477227.39689299115
9568,686980.1722689619
9569,636813.085782937
9570,769826.6433786709
9571,150847.39657988414
9572,656060.1685313904
9573,821350.9339694933
9574,573413.7816980405
9575,1430400.6058395526
9576,550597.9699004272
9577,631910.6339162841
9578,278478.08997373725
9579,151862.4406786724
9580,190430.79912222837
9581,960445.2757289282
9582,812428.6368195988
9583,482669.7846448009
9584,259000.98616218442
9585,390440.3034609972
9586,626016.3767053505
9587,363751.0309794738
9588,994751.7513511931
9589,1135425.4363565084
9590,351097.39134053665
9591,600360.4459373344
9592,645961.9578384863
9593,1281101.867269183
9594,949297.4254525456
9595,1231064.7183513269
9596,956328.3150453826
9597,846789.7642162093
9598,246486.70653899116
9599,696027.3380080125
9600,852341.841553425
9601,547712.4379915651
9602,185605.3384674159
9603,497751.9581283123
9604,596279.0596602233
9605,292955.0239890058
9606,1059013.5695406264
9607,378435.1965232786
9608,912745.9407479317
9609,516137.22277625755
9610,902423.1365260114
9611,453830.01028499
9612,232975.72349144015
9613,620763.2920349505
9614,712299.6136891244
9615,1091214.721019059
9616,607628.4892419757
9617,1326881.3674426344
9618,626124.8289478307
9619,312384.75825311174
9620,879255.9765951228
9621,455026.59897859086
9622,989866.6203209057
9623,466971.9186456888
9624,753593.6033603195
9625,1230419.7457021135
9626,878440.1887135056
9627,308379.23949898477
9628,707842.1385398172
9629,779313.3883590344
9630,1055055.3797107881
9631,837842.3670024958
9632,109557.58848727621
9633,180602.2053216168
9634,977265.9582093458
9635,422526.01028499
9636,483439.88311232947
9637,762940.4594092397
9638,615545.7895795126
9639,1492483.4262706663
9640,915086.619757704
9641,388285.3365191038
9642,1076658.1101178434
9643,468532.3985083046
9644,855354.1079256794
9645,624498.7278734664
9646,985255.1441578962
9647,1965766.2275821646
9648,459644.9334873138
9649,399480.2055326827
9650,298360.11248598783
9651,901638.1074542925
9652,302844.8784633183
9653,1379073.181195413
9654,401282.98700364446
9655,524570.3927330009
9656,567289.3023863571
9657,1268876.8392755117
9658,902448.4505455255
9659,785561.1678452928
9660,791983.7707947283
9661,825883.7171063308
9662,271543.5491264849
9663,503985.88862009
9664,540486.9138657788
9665,904379.6486186028
9666,283647.1944441797
9667,633389.7442499341
9668,804917.9488452903
9669,338718.1288896462
9670,268908.39607294946
9671,392896.2493733407
9672,402113.76175384707
9673,2688909.110195468
9674,722321.0769948417
9675,269257.23683199374
9676,601527.1428826682
9677,587225.2838881137
9678,918209.6186882416
9679,1209363.8065690922
9680,347126.2749833198
9681,446470.0954907407
9682,710402.1339988912
9683,613653.0549580269
9684,596704.5883346562
9685,314231.43075599754
9686,262040.77488414783
9687,522710.85012571723
9688,708372.8501055661
9689,1314116.8878081292
9690,1044812.9053136054
9691,1657907.2872910067
9692,813030.3501036551
9693,549671.1957596175
9694,442566.98975677736
9695,675811.4771389514
9696,398239.216607968
9697,1233965.449364808
9698,760573.1352716805
9699,432176.05622661224
9700,463783.51310199493
9701,410672.9017148841
9702,457035.6267163076
9703,619189.031932145
9704,837126.7101223882
9705,532371.9687187083
9706,387334.20244039653
9707,759146.5976350734
9708,549386.9227671499
9709,516628.48816368653
9710,521559.3535922345
9711,276439.26581104996
9712,1289358.4509349724
9713,132236.54240929245
9714,785127.6236596436
9715,449990.26564367383
9716,531991.5101754009
9717,839338.9218859373
9718,1099760.050867724
9719,2349880.2157608625
9720,885217.685224131
9721,865357.2521812328
9722,1252765.4701489783
9723,185901.9609694625
9724,927554.4878879867
9725,960968.7155882681
9726,318817.1744154321
9727,1584431.9514340975
9728,663616.751121971
9729,715528.5011418258
9730,720609.1593836161
9731,996804.5454281432
9732,494806.6394486977
9733,695722.2669596416
9734,283299.7893165074
9735,665397.331259219
9736,433412.59493955073
9737,2043297.0627843835
9738,1318379.2482395787
9739,729999.6292617944
9740,1273490.2397831501
9741,496288.960788999
9742,864119.7049706747
9743,422537.07432760304
9744,536281.3053711845
9745,174684.8582091382
9746,479905.31098403176
9747,336077.6525113204
9748,211757.96899452183
9749,388174.2766534224
9750,497937.2218306989
9751,757856.6466051497
9752,1051492.4627915516
9753,497834.58717486577
9754,652217.4515770504
9755,940519.3847153657
9756,627734.7123641132
9757,748090.6274590427
9758,440672.2371029637
9759,167079.57859558996
9760,1026395.6383325962
9761,131211.7942714997
9762,796676.8752839157
9763,281218.94944814447
9764,484662.81328896905
9765,394135.96398464974
9766,605490.1865301386
9767,811994.5873186408
9768,739819.7155388785
9769,602810.9381789281
9770,311651.03828824667
9771,627375.5018388708
9772,360924.0080764721
9773,1118771.7782984958
9774,665118.7408874967
9775,859028.4481620613
9776,337941.5665881532
9777,520051.1856157804
9778,402266.0117813564
9779,892056.0358073426
9780,228959.83199678076
9781,418306.4478750967
9782,757548.8605595866
9783,826122.4553902298
9784,153856.74706119177
9785,757456.0311853306
9786,871932.0054644932
9787,898867.7270665073
9788,1238290.6126487465
9789,367727.80235590617
9790,349429.97428129596
9791,1085431.5284918773
9792,391691.8778540853
9793,437783.3486168115
9794,471794.0042778509
9795,261026.2800420671
9796,527410.8455502903
9797,1428802.891959799
9798,887643.3976626258
9799,299810.7324669537
9800,266268.6377423418
9801,575923.2362290216
9802,573881.1971760154
9803,2538221.1291680844
9804,329003.508871856
9805,696751.8983415404
9806,677394.9818158603
9807,201599.42778921916
9808,680153.5128614312
9809,660722.2587429269
9810,380458.6530333321
9811,327853.0741691989
9812,179192.8723911381
9813,1242500.8306972147
9814,1219193.8729872664
9815,414692.84871805087
9816,704534.0032997541
9817,910631.822582327
9818,524160.35797922977
9819,848176.6729058557
9820,961891.0951512547
9821,678983.0522492438
9822,188589.27808046684
9823,641824.2582787513
9824,326236.0732483685
9825,414252.7574836126
9826,1518304.5206424363
9827,758183.722206118
9828,515203.9271726135
9829,247375.06311279716
9830,138285.08871759716
9831,718584.1978915855
9832,461270.07469812187
9833,636080.8746175631
9834,309812.87339041743
9835,260329.92486200886
9836,296678.819636823
9837,151100.00706119175
9838,241576.55327376485
9839,574902.6602791573
9840,554561.3554388506
9841,851976.3622062353
9842,547344.7658485019
9843,340013.600725568
9844,608000.6778313931
9845,498967.5402698878
9846,222279.66473043768
9847,228072.43608080465
9848,840759.6938881937
9849,723510.3646511758
9850,1138379.3350441405
9851,570754.1729378926
9852,785911.8050029702
9853,1202288.459715479
9854,546755.5129991288
9855,892577.3873221676
9856,405180.70811082656
9857,437596.76575496024
9858,194691.0425950675
9859,161167.39219156915
9860,292736.65217158827
9861,541426.6260627462
9862,276093.9247376193
9863,858892.8906885083
9864,403784.54555533716
9865,496562.89278084843
9866,275803.3802616418
9867,254151.1589189807
9868,445627.8972364155
9869,162502.83139304345
9870,1302815.7897932332
9871,726325.7291745223
9872,177641.52725758933
9873,804722.7577011953
9874,591830.1282870152
9875,934310.8129952023
9876,699691.0325399326
9877,418171.4440218931
9878,875430.8686381707
9879,1288011.4378176713
9880,449292.55792631407
9881,743258.735220041
9882,737711.0464958671
9883,1840856.1793885198
9884,173508.5092397617
9885,455707.01245780813
9886,773297.9013707902
9887,470491.64732278086
9888,1335357.5976400024
9889,343740.4819861245
9890,119435.39163628547
9891,1234716.029323688
9892,246956.40006071777
9893,1084793.0350452627
9894,1586106.6354424364
9895,708784.1043698344
9896,1576035.1461062797
9897,969733.568858434
9898,430519.6357108266
9899,1324847.7252908472
9900,2428132.589501967
9901,719648.543783616
9902,1749915.688710554
9903,1140530.0480276013
9904,818410.4382311683
9905,823088.9717257556
9906,929368.5553167989
9907,165762.0604121409
9908,895622.168206059
9909,780107.7697148796
9910,396001.61028499005
9911,766805.8962739601
9912,1250132.0789818102
9913,428340.05479732854
9914,615855.7076099033
9915,1116170.0735026542
9916,644062.1413466895
9917,945504.2445751037
9918,177329.75143979897
9919,462120.9050681307
9920,1214282.182454981
9921,2538221.1291680844
9922,212450.77880356635
9923,399006.974865948
9924,162977.10929933024
9925,390117.00111111614
9926,938344.9787788589
9927,953586.5521014296
9928,297999.44765982206
9929,954760.3142552434
9930,146605.5309074985
9931,1068074.7803805775
9932,1097527.51631337
9933,902052.0887793761
9934,749242.0664657914
9935,434023.9852344753
9936,556385.552135655
9937,933622.813357718
9938,381009.41034063714
9939,299810.7324669537
9940,741959.0440157771
9941,543258.1471026408
9942,444676.55235488375
9943,707842.1385398172
9944,870346.0792942835
9945,831420.1468420678
9946,675762.9274573269
9947,640327.1863075355
9948,690103.3211600943
9949,262040.77488414783
9950,438504.8508376595
9951,823048.1899881731
9952,1432176.5635525165
9953,330394.6141293034
9954,1323225.184088803
9955,421881.9026820719
9956,649800.8008645094
9957,983011.4785182495
9958,1543382.807251244
9959,996750.3121033658
9960,359725.8193606435
9961,567057.5310968125
9962,302225.4619255378
9963,907306.1911100142
9964,767134.0395571588
9965,582248.164347809
9966,655581.3618303217
9967,459349.08959430456
9968,536481.8155424474
9969,148953.98766119176
9970,413511.2642911945
9971,721514.0188602057
9972,485591.63809649955
9973,801809.0287533383
9974,1298707.9619353197
9975,248965.2114434039
9976,598868.8699342596
9977,414091.46556207817
9978,983496.5717377497
9979,969016.4567364651
9980,792929.1615769382
9981,878634.1973950947
9982,452014.6154317413
9983,548149.396296889
9984,445072.38467100356
9985,270091.51781815244
9986,1455179.441118114
9987,384160.229945604
9988,1140828.9134088077
9989,144588.2103554901
9990,222965.29925799905
9991,933138.2094894547
9992,323712.4083364402
9993,597848.6164513899
9994,1677315.0851568454
9995,301475.9334616418
9996,868761.5828276603
9997,888286.216424131
9998,1772799.252183743
9999,721162.3046194357
10000,181783.64301985948
10001,427513.42586514197
10002,763355.777983616
10003,835986.3663872461
10004,1497727.4304995267
10005,269158.0180026841
10006,667973.1535638601
10007,516096.492727764
10008,227023.0485924458
10009,909860.5562186028
10010,541427.309856656
10011,1112339.4244180205
10012,1068156.588416826
10013,864799.9082682133
10014,1078987.118872178
10015,398354.3508773962
10016,222279.66473043768
10017,457627.201468079
10018,234007.0464502232
10019,810209.7329819778
10020,1325067.210486076
10021,344350.1246641755
10022,330767.7485495297
10023,431486.9032902044
10024,251422.58905944251
10025,294734.36725094565
10026,650892.0857859435
10027,549386.9227671499
10028,479202.1095932
10029,362601.10893133754
10030,798920.2847393778
10031,750577.701618327
10032,504825.09660880524
10033,966497.9801606055
10034,879241.8397728887
10035,553589.9230010965
10036,781363.1435654743
10037,236602.9340069904
10038,342724.3824310947
10039,1072681.1938531897
10040,2072441.339443413
10041,574181.1616780569
10042,2376147.2002578652
10043,405439.11786375666
10044,565031.5747992427
10045,1922643.9834424364
10046,131182.1580313343
10047,2910780.9580559446
10048,675811.4771389514
10049,729103.617262701
10050,306515.67846331827
10051,243383.09432318495
10052,625594.998250258
10053,485756.4573865184
10054,1056899.8108363387
10055,1210724.4462174203
10056,769799.3645586428
10057,820351.8013140301
10058,194793.42028770744
10059,487760.8663934289
10060,1066744.0643302351
10061,732328.1201900601
10062,832978.7782253491
10063,477529.38442771125
10064,568175.7518744697
10065,2861422.716144692
10066,429325.7945633566
10067,534363.0835141852
10068,617792.5317210057
10069,511429.58171917615
10070,747408.225948196
10071,983946.5072618562
10072,407963.03601027664
10073,291745.2190655458
10074,435107.9131197963
10075,340776.27445767605
10076,213076.19450595314
10077,758601.3001034867
10078,840133.7181668739
10079,939945.3096476917
10080,155591.68856576452
10081,563629.3332220482
10082,875116.1293669995
10083,345218.9179361098
10084,606979.9191239058
10085,941502.9407237277
10086,925001.1488721201
10087,800512.3401043622
10088,416707.80967749574
10089,1410615.7460808365
10090,339563.0626203676
10091,1978417.1849865618
10092,542500.2404613517
10093,779900.537590375
10094,455671.4154317413
10095,269925.55228634167
10096,689423.664499427
10097,785458.0013749816
10098,1935587.188710554
10099,507296.8185676966
10100,275087.3129424461
10101,2541493.0880419686
10102,547842.5260586217
10103,473849.7591806467
10104,1118659.0163931178
10105,661340.4455263901
10106,693571.0048227913
10107,945752.6392628993
10108,457203.4736517834
10109,290983.8059737258
10110,657366.6780489061
10111,291951.4136468668
10112,478216.41383514635
10113,158745.62345173914
10114,357281.1466112143
10115,307824.97342976765
10116,274818.178575451
10117,808244.4690595673
10118,316080.52878792176
10119,293170.0302754856
10120,423124.9889078308
10121,562867.3876134442
10122,238880.45961789935
10123,674290.339462415
10124,1152998.8893993632
10125,581206.411265601
10126,181783.64301985948
10127,1213824.603314165
10128,612548.6440524054
10129,1070204.946701109
10130,403107.6468568261
10131,376361.0640546583
10132,236547.5812382183
10133,559777.5963390996
10134,714125.5944634662
10135,543701.698723714
10136,3061868.376428465
10137,175807.54762787343
10138,667033.512903231
10139,648907.3578612205
10140,701488.6112997541
10141,286665.5286638441
10142,848330.1401638087
10143,792999.3022375561
10144,212302.94045620773
10145,2199639.396640045
10146,343516.9639294266
10147,702960.2996344159
10148,504570.70062501373
10149,292955.0239890058
10150,903968.3560602966
10151,308791.50179148995
10152,1218328.2755970894
10153,647357.9555884363
10154,479193.66951506695
10155,526157.9209381662
10156,880271.2796229948
10157,781051.948107305
10158,1116265.872292832
10159,422116.3206869287
10160,980027.968739959
10161,948493.6683788588
10162,1540546.949139651
10163,446205.75255181256
10164,868645.1528420679
10165,1525111.842120722
10166,320489.6701450701
10167,256906.74940172935
10168,756288.9904953028
10169,664250.2556133554
10170,456676.077270776
10171,147556.12165309011
10172,875851.6277553133
10173,247507.04453033002
10174,1229021.985693759
10175,658076.0514875231
10176,742897.4210658984
10177,879108.9483723564
10178,554869.36632833
10179,1023136.881920633
10180,500312.59394951153
10181,421953.4258012421
10182,469156.60241336434
10183,598452.8469097168
10184,250104.61691661918
10185,668467.8077495815
10186,732793.3521573944
10187,542643.5234950074
10188,259256.67491903185
10189,249583.21403508115
10190,607945.4010841268
10191,742150.9666622101
10192,455418.3285830918
10193,691373.7699994558
10194,686011.1798159912
10195,233631.54611027095
10196,751245.8441024697
10197,480307.2756662819
10198,716344.1994020035
10199,788047.7233247864
10200,775269.2594793197
10201,900903.2467027593
10202,957466.5350879316
10203,1023318.8706523428
10204,1598282.5802043292
10205,399174.1582312793
10206,422490.0488390292
10207,757856.6466051497
10208,368300.8770696178
10209,554357.7531430187
10210,230636.21298160683
10211,527745.7019043403
10212,835861.1762912899
10213,1150288.979148711
10214,692867.5298968888
10215,244314.8916248482
10216,1101246.2054794892
10217,285981.1377323306
10218,371459.8709429706
10219,472904.1568456888
10220,424928.5940862075
10221,1181095.223182562
10222,878533.370767518
10223,1749915.688710554
10224,1416630.6290808367
10225,953076.9491755193
10226,789546.0263826379
10227,2724712.4892293136
10228,763991.3193212352
10229,1495674.8830216322
10230,421913.53878735425
10231,528056.6450346744
10232,569973.0204547986
10233,653902.1178359187
10234,641151.3777245397
10235,582025.5700663419
10236,320007.2472154321
10237,1309239.6176400024
10238,1043487.8656646807
10239,578066.9378386947
10240,928225.9056696135
10241,928043.7143314742
10242,598497.0995202791
10243,760761.0636184745
10244,421953.4258012421
10245,200161.42037483313
10246,175811.01798201908
10247,856155.0806186028
10248,588847.6610720453
10249,766084.612810824
10250,776440.2228756953
10251,559667.7726306062
10252,459357.9377610174
10253,785183.1472972436
10254,480573.9573242962
10255,252873.50936278605
10256,599952.6756706447
10257,635038.8525713154
10258,299251.3242046985
10259,455353.8976987304
10260,125516.73559953216
10261,354813.2640322366
10262,1137845.8796132933
10263,560457.5841611766
10264,516257.6450832413
10265,344127.22640227934
10266,1049420.6489768103
10267,505302.2556163638
10268,2004699.8749865617
10269,2118022.2744252505
10270,419665.69898674585
10271,340663.53297606634
10272,389405.7691922297
10273,410669.02921387856
10274,546625.08423432
10275,605142.6119875824
10276,826824.2392180309
10277,370207.1745703517
10278,1222570.197723688
10279,666901.6888804103
10280,401049.49900697207
10281,786004.6077404623
10282,730252.68446221
10283,1726492.3370269632
10284,309812.87339041743
10285,744165.0814304824
10286,621466.8086609994
10287,872351.9298707352
10288,965346.6180694064
10289,459151.38790552097
10290,768831.7460036313
10291,400734.93207566097
10292,522271.7049650128
10293,926494.6306550028
10294,1577662.9251862278
10295,1056460.2664237358
10296,1102413.237334612
10297,270375.06478530145
10298,716994.943183616
10299,850691.3146413417
10300,758291.7134573524
10301,884577.8842655304
10302,336947.69448628393
10303,268388.75733336067
10304,631049.0129664929
10305,520094.7759696352
10306,278968.28045561025
10307,2234500.113401212
10308,345407.6049091207
10309,1683916.258443413
10310,761276.7063517884
10311,391434.44238150737
10312,1126806.3161175672
10313,482481.28415028565
10314,868465.4336793597
10315,838658.8567418531
10316,736932.137514301
10317,545017.4038561147
10318,743913.715596578
10319,269158.0180026841
10320,268388.75733336067
10321,958435.0656408403
10322,1074231.4805794458
10323,352339.64786429494
10324,409466.78953718836
10325,975560.7006879868
10326,317692.67507108767
10327,1302087.4289920917
10328,197485.85692829225
10329,854721.8807649761
10330,764277.0542605075
10331,899684.5362620184
10332,670479.519175008
10333,1548103.9448424364
10334,1137810.9308303508
10335,478218.9270277629
10336,478911.6244438135
10337,202786.18294441496
10338,314628.31161317066
10339,836122.2118866439
10340,438022.3750291463
10341,722745.0794622101
10342,1212142.0333071002
10343,117918.07163628546
10344,863782.6080542108
10345,667198.4154906571
10346,966549.0288870778
10347,360861.5886275906
10348,975917.0436924763
10349,823048.1899881731
10350,509278.9779762673
10351,402000.1833826059
10352,448535.5264301425
10353,660260.1265941126
10354,321907.052111119
10355,306159.2070041686
10356,498043.8647441531
10357,476598.74254901154
10358,597784.0659189791
10359,1176979.804899884
10360,456068.8732525222
10361,463824.5181675363
10362,359805.2338048792
10363,715079.2996320933
10364,592918.7653120136
10365,674537.1358815238
10366,496098.8007219094
10367,575826.4686209632
10368,721513.7212685744
10369,479514.20369764196
10370,268848.12306068576
10371,387141.73239740834
10372,480179.9024905716
10373,171936.79833087488
10374,367933.9977459528
10375,384689.13395702536
10376,294742.1203792318
10377,786640.9908598617
10378,188547.67648061225
10379,113496.49994603686
10380,129692.60635108358
10381,786085.9156350733
10382,526208.0890229862
10383,1157832.24901159
10384,651727.8121250569
10385,685647.1779558262
10386,1030661.6073834605
10387,737138.380293886
10388,239961.73793898933
10389,486743.6086111549
10390,392250.8613037638
10391,181233.43566378264
10392,462323.5176640884
10393,1117840.883322668
10394,671054.4383156784
10395,552160.9767246188
10396,410889.57934717677
10397,521611.7362969049
10398,606279.2291738715
10399,468010.9414738534
10400,766301.7739595866
10401,215667.5841863558
10402,422526.01028499
10403,504914.46206441184
10404,282698.45101512165
10405,440007.71967725595
10406,669052.4185983677
10407,1221599.8293194692
10408,596054.0269762352
10409,784744.9886908461
10410,505717.50228587235
10411,412454.671515092
10412,569944.5314600148
10413,1026591.633086076
10414,801343.0502073703
10415,462674.68432399497
10416,936502.7847153657
10417,724770.8617248214
10418,469603.8164647879
10419,756917.3663815021
10420,315349.06606552284
10421,331600.5359072949
10422,883301.4590533625
10423,234148.17221523848
10424,1182304.0473884828
10425,624498.7278734664
10426,404304.86630213546
10427,525196.633186604
10428,1507805.6984723916
10429,231907.5451432895
10430,452883.3135474558
10431,896560.6388791043
10432,872490.1889354204
10433,1573745.9612424364
10434,360759.58432763896
10435,1881292.878777076
10436,707842.1385398172
10437,461935.63963534863
10438,440002.18804944237
10439,775575.7071833127
10440,349118.1105527447
10441,650655.1601129237
10442,701498.3552077357
10443,800235.7141195312
10444,180602.2053216168
10445,1317289.2928325564
10446,656459.9682577443
10447,305603.31424427446
10448,857773.7330698117
10449,480281.0297568486
10450,497304.10924594104
10451,573133.0708836896
10452,550861.711778332
10453,461562.940910179
10454,615468.0834681398
10455,749365.5217595866
10456,463158.9314027618
10457,498613.19728672906
10458,514058.7471988938
10459,303998.3391974467
10460,1116633.7312180204
10461,589464.273499552
10462,975147.0492924763
10463,342105.3370032958
10464,1185952.3140937681
10465,363601.09478917427
10466,688020.5338712501
10467,1311138.1351461238
10468,387984.66235050536
10469,297494.6971452513
10470,352348.47509315755
10471,644352.3635834252
10472,346034.89793414617
10473,802959.8926653756
10474,738167.2831164671
10475,749213.4154197932
10476,713907.6488798173
10477,843010.8971222678
10478,476419.7972581295
10479,455932.03057567007
10480,169262.15310238776
10481,699016.1044880702
10482,1284864.306599383
10483,129403.3040313343
10484,2132240.583184384
10485,201506.96001548204
10486,321936.94556401466
10487,858592.6820451111
10488,1152221.9555879068
10489,241011.2208430014
10490,662878.9118633502
10491,653878.2228513886
10492,293663.06133417884
10493,508430.6038895429
10494,987772.9239037967
10495,455852.9541819559
10496,961598.9377813035
10497,602369.3704572322
10498,798345.3501317041
10499,197485.85692829225
10500,379654.99573215714
10501,411705.00916193705
10502,1380533.6413455703
10503,601674.2833277872
10504,462273.22438545007
10505,962717.2823410195
10506,389540.4650063094
10507,484842.4469501743
10508,1693586.4126645594
10509,1350665.613113249
10510,813003.9095192647
10511,695331.7559225259
10512,2508684.1926301997
10513,769070.2375595866
10514,760672.5139595866
10515,1013863.620702208
10516,344914.66636438185
10517,791638.8470240957
10518,424468.77610783075
10519,477931.2896198527
10520,520410.5971482713
10521,716737.3062997541
10522,773297.9013707902
10523,1251067.2146533928
10524,493877.67846006196
10525,718672.417583616
10526,605422.9338708101
10527,866084.8952059308
10528,636377.4115695065
10529,328193.21779978665
10530,1235813.08201631
10531,486046.91253238195
10532,584773.784218189
10533,833401.4332801736
10534,245148.68426398927
10535,709700.8904357355
10536,1108625.039146795
10537,1048759.3365404252
10538,931847.2046034685
10539,604373.785199339
10540,1565343.0851568454
10541,702524.4073203588
10542,1295074.3169905627
10543,634709.9861053576
10544,750014.1252055448
10545,1739184.0576696536
10546,443962.6552094236
10547,743333.4936251097
10548,485444.98722484085
10549,548840.770135655
10550,427021.9917815814
10551,201432.0466160907
10552,1051401.253920603
10553,2553225.8692419687
10554,1172608.6267322397
10555,339624.5766826841
10556,586544.5920450385
10557,842065.3821812328
10558,443348.9387315552
10559,176372.31257194863
10560,846889.9300707096
10561,369778.8531286568
10562,1836395.162977076
10563,778236.8617188098
10564,1015322.1848395416
10565,978357.815390621
10566,1836404.3228124739
10567,192230.38159479885
10568,437124.88078935375
10569,1747885.8078708348
10570,724371.5997350471
10571,346672.18481316196
10572,997099.0260426165
10573,177926.5258251299
10574,705143.9476155362
10575,799464.0489908713
10576,792157.7028714657
10577,614561.9212335749
10578,578755.5077874984
10579,562828.9903384569
10580,831451.5861405686
10581,1620352.8847367817
10582,173508.5092397617
10583,187780.5049995574
10584,1217482.0060779827
10585,544614.1782693485
10586,770884.8323725582
10587,425021.28248731967
10588,331234.8754034799
10589,597787.6308140453
10590,473424.4220743973
10591,448693.0656818538
10592,790767.2547683531
10593,392841.8540044724
10594,222279.66473043768
10595,1638933.3427787488
10596,204157.89275248133
10597,248078.68478827123
10598,780152.3873315
10599,528818.1093129644
10600,1367299.0962429966
10601,857925.5831844659
10602,606994.3004033504
10603,378298.664484518
10604,648498.659742697
10605,469639.96175369667
10606,164315.86918355766
10607,367298.2449687916
10608,461742.92554727703
10609,629292.0308459792
10610,1664378.4290038731
10611,204157.89275248133
10612,974188.7800583832
10613,780513.9221688185
10614,2149656.923501967
10615,1037458.8394030106
10616,219336.0627258782
10617,1656629.4066179777
10618,407133.77034293395
10619,535039.7509038154
10620,252710.18417088353
10621,388076.3328437513
10622,1127653.9503408216
10623,1213436.457347874
10624,421953.4258012421
10625,936394.8890714322
10626,262286.5554101008
10627,781307.7723564667
10628,711410.741758456
10629,149814.35766119175
10630,370162.2571816558
10631,176435.93440735212
10632,1062877.171402847
10633,875298.5638239481
10634,809685.7262930758
10635,2241459.4859821647
10636,862584.909449442
10637,1740674.219951741
10638,703528.7472997541
10639,448408.4449666465
10640,570540.5939004807
10641,190611.3435921163
10642,180602.2053216168
10643,153445.84082772917
10644,532128.6628052094
10645,2139653.881389069
10646,749779.5348617944
10647,416847.27401073684
10648,318861.7628627669
10649,299592.7274648492
10650,975549.2177095029
10651,369954.0257083802
10652,543507.7964054194
10653,730160.7204227911
10654,629693.0788180543
10655,500706.9650769342
10656,722391.345899124
10657,839253.4705031682
10658,598630.1791393621
10659,931319.1165788588
10660,294487.9299827418
10661,1870319.2098708348
10662,356733.81864174077
10663,370115.1408457031
10664,519284.26551145746
10665,821820.057666037
10666,329400.850036965
10667,584254.4347860632
10668,244397.9812607178
10669,574735.3619289869
10670,636247.8089040628
10671,597793.9608090817
10672,502305.6244438135
10673,1208186.8814773571
10674,878046.6585393085
10675,2386876.4243705794
10676,930848.0117474159
10677,348194.95213099144
10678,402295.4331052782
10679,497630.9070140004
10680,1000622.6797634667
10681,223858.02543038377
10682,757779.078183616
10683,357352.822568422
10684,686203.7428641395
10685,1101870.7952671805
10686,646748.5060884356
10687,751850.0477859515
10688,1628671.1644424363
10689,2310277.7771719145
10690,307052.3473680852
10691,281391.7012819878
10692,356757.86285055225
10693,410390.3212302271
10694,1997880.5764940577
10695,121192.04913996329
10696,1439951.7202892662
10697,287704.3895048095
10698,342340.4239204966
10699,1554915.8604381375
10700,620422.0160888977
10701,812025.360041252
10702,511476.67567385343
10703,797821.9419317042
10704,696598.2578964406
10705,363601.09478917427
10706,595708.0002316448
10707,771460.039557159
10708,245168.56725969844
10709,777383.9183617071
10710,465224.7042669704
10711,428557.9162108863
10712,484306.15647169924
10713,652931.1098449077
10714,520111.7461585542
10715,951919.842224743
10716,422881.905351056
10717,530556.7487007675
10718,285934.5425452093
10719,681623.4830153038
10720,374966.02818953036
10721,554344.6247666104
10722,498791.2067367355
10723,310478.3181625871
10724,442649.2408183843
10725,2139066.903384384
10726,475182.24272517196
10727,378535.2465329238
10728,907872.3446607408
10729,324224.46459254995
10730,324903.450189878
10731,457683.608723322
10732,564840.6033671364
10733,170198.961166254
10734,218817.0138272053
10735,564014.5380261795
10736,230210.67226710482
10737,954382.6627554911
10738,780374.4549716313
10739,202621.1465967468
10740,2906760.372186994
10741,319323.789939161
10742,645090.0641085214
10743,830751.873937991
10744,584013.3788809036
10745,456710.5053648201
10746,275517.19411454425
10747,506786.34644031024
10748,239583.5097543824
10749,203245.34022357588
10750,903060.5318864359
10751,462294.9044877825
10752,721514.0188602057
10753,1081154.9861110891
10754,494889.0826532408
10755,1100607.708811071
10756,2055365.054632523
10757,948382.478649114
10758,210061.60703018168
10759,228072.43608080465
10760,1190498.8757937108
10761,891958.9843877131
10762,1011189.5613000195
10763,325010.63459255
10764,350604.86100540607
10765,253080.42428638486
10766,189568.04129835972
